id,Project Name,Number of dependencies with vulnerabilities (Before),Number of dependencies with vulnerabilities (After),Number of vulnerabilities (Before),Number of vulnerabilities (After),Low vulnerabilities (Before),Low vulnerabilities (After),Medium vulnerabilities (Before),Medium vulnerabilities (After),High vulnerabilities (Before),High vulnerabilities (After),Critical vulnerabilities (Before),Critical vulnerabilities (After),Build Tool,Tests,Project Type,Execution Time (s),Artifacts,Improved,javaVersion,countMajor,countMinor,countPatch,countPrerelease,countBuildmetadata
6,burberius_eve-esi,4,1,5,2,0,0,1,0,4,2,0,0,maven,False,open source,196,0a573548884ef8fa5c5df3c82b734e2fc4e9c350,improvement,8,0,1,2,0,0
4,steffmartin_condominio,10,3,412,33,27,1,153,11,181,16,51,5,maven,False,open source,228,f1835085be9ca4654b96fb03603f721478155c6e,improvement,8,9,0,0,0,0
3,f-lab-edu_used-market-server,15,10,376,96,26,16,147,40,155,35,48,5,maven,False,open source,930,818eec31f7fd000dbed7247d173091b01e5c0c30,improvement,8,9,1,1,0,0
15,mreutegg_laszip4j,0,0,0,0,0,0,0,0,0,0,0,0,maven,False,open source,98,be50f0af06c56e9b9e6a40761ec53efb5f5b5cf3,no improvement,17,0,0,0,0,0
17,SvenWoltmann_binary-tree,0,0,0,0,0,0,0,0,0,0,0,0,maven,False,open source,75,b17fa3fe32cf0580a53d63a55fdfd244a1de145d,no improvement,17,0,0,0,0,0
11,majusko_grpc-jwt-spring-boot-starter,4,3,100,70,9,8,35,32,54,28,2,2,maven,False,open source,838,6183fdcca622c89605cd4f5630cd1257a6894320,improvement,8,0,2,1,0,0
19,Anilople_javajvm,3,0,14,0,4,0,7,0,3,0,0,0,maven,False,open source,154,b4b29a2059daf4af44442de28040122a040d0c01,improvement,8,0,3,0,0,0
18,BarcodeAPI_server,5,4,8,6,0,0,4,3,4,3,0,0,maven,False,open source,342,f8fd3c50f87d8a618119f058dcc71be8deb33a90,improvement,8,0,0,0,0,0
24,horrorho_LiquidDonkey,7,2,33,5,3,0,16,5,12,0,2,0,maven,False,open source,171,fbba5c3a4ec38f797651393cfa8aec426a033946,improvement,8,1,1,0,0,0
23,hazelcast_hazelcast-aws,3,1,45,6,7,0,15,0,18,3,5,3,maven,False,open source,218,c103d889e8f7fcfdaa6565a1729b7e4da0e4e7a1,improvement,8,2,0,0,0,0
10,qianxunclub_ticket,10,8,335,316,21,18,99,91,167,161,48,46,maven,False,open source,1629,143a48c5f014242ed7c5dcf19cc5396ffddc698d,improvement,8,0,3,1,0,0
30,fekaputra_shacl-plugin,9,7,300,292,6,5,57,54,177,173,60,60,maven,False,open source,750,04b8ad95b1f8a78d518e1fafd9887cd10493c47a,improvement,8,1,0,2,0,0
33,ttulka_ddd-example-ecommerce,6,6,74,58,18,18,24,18,31,21,1,1,maven,False,open source,827,b48268eacfb2940d4d1237cfae09acea3bcc779e,improvement,17,0,2,0,0,0
37,in28minutes_spring-unit-testing-with-junit-and-mockito,5,1,72,1,15,0,24,0,32,1,1,0,maven,False,open source,209,5dda0043e4c2f053be0f8ddb296d0c9fb61c80d8,improvement,17,0,5,0,0,0
14,lior-k_fast-elasticsearch-vector-scoring,8,7,79,72,3,3,46,45,25,19,5,5,maven,False,open source,3116,bb3405bfe8ed3cd21694b7d98a5e1b3c505bbccb,improvement,8,0,1,1,0,0
27,fraktalio_courier-demo,21,20,224,214,34,33,87,81,98,95,5,5,maven,False,open source,2123,40215f4beb24505ad9b96c49d74d272c0e5b882c,improvement,17,1,2,1,0,0
42,dhatim_dropwizard-jwt-cookie-authentication,5,5,15,15,3,3,11,11,1,1,0,0,maven,False,open source,255,72f25ec139539d2a8fb330f7daad74e92cc9cb69,no improvement,11,0,0,0,0,0
47,flipkart-incubator_databuilderframework,4,1,27,2,3,1,10,1,14,0,0,0,maven,False,open source,177,d739c964a4dda5fa212a5c52da61bc39d62ebe3a,improvement,8,1,3,0,0,0
48,vbauer_houdini,4,2,32,21,4,4,14,10,13,7,1,0,maven,False,open source,797,52ff62bf58f1f10ef39fde0fd9754c305e6ebbb1,improvement,8,0,1,1,0,0
3,coveooss_spillway,1,1,1,1,0,0,1,1,0,0,0,0,maven,False,open source,101,8b5376e860444be220980acd4eb933e82edd82ce,no improvement,17,0,0,0,0,0
4,hubert-marteau_MultiChainJavaAPI,4,1,11,8,0,0,4,2,4,3,3,3,maven,False,open source,108,b12390d862e8f2f6aa0cace94cffb888de5b36cb,improvement,8,0,1,1,0,0
5,ethlo_itu,2,0,3,0,1,0,1,0,1,0,0,0,maven,False,open source,192,a9fbd783a1f5a6e2be3f9b5ac824a8c023655d69,improvement,8,0,0,0,0,0
4,tgbnhy_torchtrajectory,14,8,291,33,7,0,40,9,169,24,75,0,maven,False,open source,257,b295ceabd6d9d82938aeafb513b0ea4fb49b11fa,improvement,8,5,2,2,0,0
6,mojohaus_wagon-maven-plugin,8,2,38,22,2,1,21,10,12,10,3,1,maven,False,open source,260,004a8216bf319a11c4c0c834609a5fe01c40324d,improvement,8,0,0,0,0,0
3,mybatis-mapper_provider,3,3,13,13,2,2,3,3,7,7,1,1,maven,False,open source,270,fe663fe6efd4c15d0e1f707fa0831ef46a326f13,no improvement,8,0,0,0,0,0
14,hoijui_ReZipDoc,0,0,0,0,0,0,0,0,0,0,0,0,maven,False,open source,84,5d3a7da0d4e296809f6363917e5ffc0503535f59,no improvement,8,0,0,0,0,0
13,ViktorC_PP4J,2,0,8,0,2,0,4,0,2,0,0,0,maven,False,open source,113,e80a2358ac17184e7da7cfe7c83b7dff37c39c86,improvement,8,0,0,0,0,0
11,ngageoint_geopackage-core-java,0,0,0,0,0,0,0,0,0,0,0,0,maven,False,open source,134,83ba47617d086f0a3b44929cd08171864fbb468e,no improvement,11,0,0,0,0,0
15,UnionInternationalCheminsdeFer_UIC-barcode,0,0,0,0,0,0,0,0,0,0,0,0,maven,False,open source,64,e0f3e4970b8f0c0d3d3e2ed5ad35b8fc23616315,no improvement,8,0,0,0,0,0
25,davidmoten_aws-lightweight-client-java,1,0,19,0,1,0,9,0,9,0,0,0,maven,False,open source,171,e221d376161afe27a1ceea5dae380ba7a439667d,improvement,8,0,0,0,0,0
31,JavaVisRec_visrec-ri,2,1,14,13,1,1,6,5,3,3,4,4,maven,False,open source,122,c4f296c937ba0549dbb10d4f964e29ffec3c384c,improvement,8,0,0,0,0,0
32,intuit_identity-authz-apl,2,1,21,1,1,0,14,1,6,0,0,0,maven,False,open source,230,745f2eba4d136357314eabd748929133d8678337,improvement,8,0,0,0,0,0
34,wmixvideo_sped,0,0,0,0,0,0,0,0,0,0,0,0,maven,False,open source,57,09af68a92c06126484ca88b809e9f0ac6fa4e70e,no improvement,17,0,0,0,0,0
33,PhantomThief_zknotify-cache,5,4,50,43,6,4,22,19,12,10,10,10,maven,False,open source,386,24edbc73ad2c937204d577aba0852c847ac86cd2,improvement,8,0,0,0,0,0
35,xgdsmileboy_GenPat,7,5,22,11,0,0,8,2,10,5,4,4,maven,False,open source,216,2c6b1937f5da9bba8d7b76c3cc8e39976bc74dd0,improvement,8,0,0,0,0,0
36,nlpub_watset-java,0,0,0,0,0,0,0,0,0,0,0,0,maven,False,open source,115,0769fa7ab3f7cbeef9e18f95c356fc1aeebadfcd,no improvement,11,0,0,0,0,0
37,davidmoten_reels,1,0,1,0,0,0,0,0,0,0,1,0,maven,False,open source,259,511bde9733d4107bde82f0aa909b594067daa60b,improvement,8,0,0,0,0,0
38,raphaelDL_spring-webflux-security-jwt,5,3,222,4,12,2,77,1,101,1,32,0,maven,False,open source,185,d6adb5a043f7ae147e72e2f66dd3fafe05902158,improvement,8,0,0,0,0,0
39,TechnionYP5779_team4,1,1,1,1,0,0,1,1,0,0,0,0,maven,False,open source,82,1b5bcce1e3a8072082c2ddc4db214319a89462ba,no improvement,8,0,0,0,0,0
40,davidmoten_aws-maven-plugin,8,0,38,0,0,0,9,0,29,0,0,0,maven,False,open source,207,f3039bc6785b42048d849b8120fcecfe517742ee,improvement,8,0,0,0,0,0
24,qqxx6661_springboot-websocket-demo,5,5,268,268,16,16,96,96,122,122,34,34,maven,False,open source,1589,033da5675c5eff5952f17d77870859e28ba29b17,no improvement,8,0,0,0,0,0
48,twilio_twilio-oai-generator,0,0,0,0,0,0,0,0,0,0,0,0,maven,False,open source,89,9e06108881481946bb75f4db5628018d3f18fe0e,no improvement,11,0,0,0,0,0
46,arey_java-object-mapper-benchmark,4,4,57,47,2,2,26,20,27,24,2,1,maven,False,open source,151,d2d94b4b91e71b9d37ceab3950c85c87a05f338b,improvement,8,0,0,0,0,0
49,BjoernKW_Schematic,7,2,27,2,9,1,7,0,11,1,0,0,maven,False,open source,138,80efdf8d0e0fc16f97268f57d113d001b892f90e,improvement,17,0,0,0,0,0
47,Sayi_swagger-diff,4,3,150,74,3,2,27,14,71,35,49,23,maven,False,open source,292,e6abc1483ec90859aeba9d9ad4e7fd0368352d47,improvement,8,0,0,0,0,0
12,tomekl007_manning_software_mistakes_and_tradeoffs,14,7,223,65,25,6,108,30,81,25,9,4,maven,False,open source,2486,b7a5094fb873e4b8e5931c938467d3c0b18eb2be,improvement,8,0,0,0,0,0
50,daoqidelv_community-ddd-demo,19,2,179,11,4,1,59,5,73,4,43,1,maven,False,open source,438,3f757a70526d7ba6e65bbfcfe5b989cf3949aeee,improvement,8,0,0,0,0,0
58,kolchagov_java-crud-api,12,5,83,9,11,0,35,4,30,4,7,1,maven,False,open source,278,51df0e40973d389ce471fdae0ffc0632a9a65bed,improvement,8,0,0,0,0,0
64,web-servers_tomcat-vault,2,0,26,0,4,0,12,0,8,0,2,0,maven,False,open source,202,d13b0675615e3e85c8e39828769c66a791b9104d,improvement,8,0,0,0,0,0
67,tomwhite_set-game,5,4,113,110,2,2,49,46,58,58,4,4,maven,False,open source,113,bd047ece2f07e483f39fa41ba1170d9afd9a768c,improvement,8,0,0,0,0,0
70,pkpk1234_learn-reactor,5,3,11,4,1,0,5,2,1,0,4,2,maven,False,open source,207,2758f4a9cdd33f6f129517796c03de167d53f701,improvement,8,0,0,0,0,0
71,bendem_sql-streams,4,0,10,0,1,0,2,0,4,0,3,0,maven,False,open source,142,67980a372bd5456f7eaaa8e2edd9bfeef3c77110,improvement,8,0,0,0,0,0
66,hw172553043_toBeTopJavaArchitect,6,6,83,70,8,7,35,31,35,29,5,3,maven,False,open source,826,0ad12e67f9f9e287897c28d81fd9741751badf5a,improvement,8,0,0,0,0,0
73,PAXSTORE_paxstore-openapi-java-sdk,3,0,5,0,2,0,3,0,0,0,0,0,maven,False,open source,91,e4ef6cb9214fde9918c83ee0d2c7b77b81ce2d88,improvement,8,0,0,0,0,0
59,yangwenjie88_delay-queue,10,9,394,374,14,17,110,102,177,169,93,86,maven,False,open source,1858,75b725c7594b1106452483175b359c62172f44c0,improvement,8,0,0,0,0,0
74,ITArray_automotion-java,14,7,70,53,9,7,34,27,23,18,4,1,maven,False,open source,857,3e1678f4856da4edea5f458d811584af9a81090f,improvement,8,0,0,0,0,0
77,pac4j_dropwizard-pac4j,5,5,11,11,2,2,6,6,3,3,0,0,maven,False,open source,398,dc120c4a059f1d0a35d48daaab1109a644ef6ed8,no improvement,11,0,0,0,0,0
68,interseroh_demo-gwt-springboot,13,13,586,586,22,22,153,153,268,268,143,143,maven,False,open source,2200,a78a397bd29388d5816b559201cca4d2b2c15b1f,no improvement,8,0,0,0,0,0
79,tkutcher_jgrade,0,0,0,0,0,0,0,0,0,0,0,0,maven,False,open source,83,6049a0acfb17d829fb61488f9763913f3d7f65d7,no improvement,8,0,0,0,0,0
80,Cinimex_mq-java-exporter,3,0,20,0,0,0,12,0,6,0,2,0,maven,False,open source,122,6a094ace972770ebbcd180ce8a5c2afb7a6b3b6c,improvement,8,0,0,0,0,0
81,sleroy_spring-cqrs-arch,7,0,19,0,6,0,7,0,6,0,0,0,maven,False,open source,145,d3b6767fc71f8ef9d9e44be00a58a061605e67c7,improvement,17,0,0,0,0,0
82,whiteclarkegroup_liquibase-linter,8,1,33,8,4,2,16,3,12,2,1,1,maven,False,open source,579,cdfe57be8c3d20913e943367ca912743f2b78fed,improvement,8,0,0,0,0,0
78,tonikolaba_BatBat-Game,7,7,154,154,18,18,65,65,60,60,11,11,maven,False,open source,1594,868737de84cb00d5a303e0c9486f148d1ef75c23,no improvement,8,0,0,0,0,0
84,apache_dubbo-proxy,7,5,152,49,10,1,61,22,56,14,25,12,maven,False,open source,741,9faa6a115e97fc19e83887a50073c1df5e57a994,improvement,8,0,0,0,0,0
85,pig-mesh_oss-spring-boot-starter,3,2,42,27,11,7,14,10,16,9,1,1,maven,False,open source,245,f239e31f0d2c0c2afc666281a0fd2717f8dd40c3,improvement,17,0,0,0,0,0
86,twitter_nodes,3,1,16,12,2,1,10,7,3,3,1,1,maven,False,open source,150,c7d5d391fcb2130f1f5e0cd13efb04eadfb0f60a,improvement,8,0,0,0,0,0
88,msigwart_fakeload,1,0,7,0,2,0,3,0,2,0,0,0,maven,False,open source,108,fc6f4cc264b7e5af1bb6ea5e75a59bda2e04da67,improvement,8,0,0,0,0,0
89,arachan_JasperReportsBoot,3,2,19,7,4,1,6,1,9,5,0,0,maven,False,open source,233,91751e7f5fa4c0e31087fbbc9989aedf3ed5f137,improvement,17,1,0,0,0,0
72,passerbyYSQ_forum,18,18,555,555,36,36,191,191,259,259,69,69,maven,False,open source,4187,aad0993da7ca5da29366dbef67d64b7080c375cf,no improvement,8,0,0,0,0,0
90,vaadin_bookstore-example,2,2,9,9,1,1,6,6,2,2,0,0,maven,False,open source,462,c554e8af49b5405742509025f0ea01bde5bb019a,no improvement,17,0,0,0,0,0
87,BlackmodeN_iCloudDisk,7,7,271,40,19,6,90,12,129,19,33,3,maven,False,open source,1050,bbce8a85a9bee3b725693441b340598c5e7212b8,improvement,8,0,0,0,0,0
75,springer63_spring-boot-plus,22,22,820,820,22,22,175,175,401,401,222,222,maven,False,open source,3699,0b1164643959baf320cfa3dd514574bdbcf14433,no improvement,8,0,0,0,0,0
92,phip1611_docx4j-search-and-replace-util,1,0,1,0,0,0,1,0,0,0,0,0,maven,False,open source,207,190d3739bff06050ecddb3b7acf13999a813b533,improvement,11,0,0,0,0,0
94,FHIR_Ucum-java,0,0,0,0,0,0,0,0,0,0,0,0,maven,False,open source,78,5d16db44b867d9c01e87ac8148de90e0f944c5c2,no improvement,8,0,0,0,0,0
95,Skatteetaten_trekktabell,0,0,0,0,0,0,0,0,0,0,0,0,maven,False,open source,66,aeaaf084d6a46b221f5bc10455af872e621fc676,no improvement,17,0,0,0,0,0
96,mintDS_mintds,6,2,44,19,6,2,20,8,13,7,5,2,maven,False,open source,178,128e7cbb20a2dbc63799f080dfa7e2f2a81a2a8f,improvement,8,0,0,0,0,0
97,maping_java-maven-calculator-web-app,4,0,61,0,0,0,6,0,31,0,24,0,maven,False,open source,180,a5f059cbdb1010cb8d1279b5bb951145d3470290,improvement,8,0,0,0,0,0
93,wdrammeh_utg-student-dashboard,2,2,48,14,5,2,30,9,10,2,3,1,maven,False,open source,599,4dc1e7c8bad4338943edc9a3eed04fed9f734b37,improvement,11,0,0,0,0,0
100,PhantomThief_retrieve-id-utils,5,2,35,6,5,1,15,3,11,1,4,1,maven,False,open source,541,ebaf8f6ac02e3f66c0012af29abe5a518c144fdb,improvement,8,0,0,0,0,0
101,alexheretic_dynamics,1,0,1,0,0,0,0,0,1,0,0,0,maven,False,open source,87,b00b6eb3b5276d488c06318073a64c95b18aaa50,improvement,-,0,0,0,0,0
91,ponfee_commons-core,31,26,290,273,12,12,137,126,111,105,30,30,maven,False,open source,1800,dfd2f363adc9484558e33eef81bf869169a7fc12,improvement,8,0,0,0,0,0
102,rayokota_hdocdb,6,4,180,43,14,6,63,22,75,15,28,0,maven,False,open source,406,f6334df5b0403f34414924b8e82dcae6b2951768,improvement,17,0,0,0,0,0
104,YeautyYE_train-ticket-reaper,3,1,185,1,10,0,57,0,90,1,28,0,maven,False,open source,124,c09c7be0cdd77d3f12dd9e85a31cfbcad25c9736,improvement,8,0,0,0,0,0
105,wxynihao_book118-downloader,2,1,3,1,0,0,0,0,0,0,3,1,maven,False,open source,79,ac99d86c4c956e31bd11a4620bafdbbc64d34de9,improvement,8,0,0,0,0,0
106,openinx_minibase,2,1,7,6,0,0,1,0,3,3,3,3,maven,False,open source,68,6874582e066ef37c6547c523fb802ef228d00ea8,improvement,-,0,0,0,0,0
107,DuPAL-PAL-DUmper_DuPAL_Analyzer,0,0,0,0,0,0,0,0,0,0,0,0,maven,False,open source,95,217e2758e75e95a6fe06b7e1b1dbf941e0964cd8,no improvement,-,0,0,0,0,0
103,Hansanshi_mark-idea,6,4,139,54,12,14,67,23,53,16,7,1,maven,False,open source,636,edb39ac37c10617bb468cfb467de5b28f03a2957,improvement,8,0,0,0,0,0
98,yishuifengxiao_wind-bell,13,11,95,82,9,7,45,35,37,37,4,3,maven,False,open source,1742,ef619e9fcdbba5d4c08eb1bfcc5098dbec9b7ab3,improvement,8,0,0,0,0,0
108,artemnefedov_JavaAI,0,0,0,0,0,0,0,0,0,0,0,0,maven,False,open source,72,efda7067ab699f739feafea89895157322557c45,no improvement,-,0,0,0,0,0
110,hhy50_reflect-linker,0,0,0,0,0,0,0,0,0,0,0,0,maven,False,open source,96,d3229df531c7febca4cb75181602295850e467b1,no improvement,8,0,0,0,0,0
109,JsonSchema-JavaUI_sf-java-ui,4,0,63,0,1,0,8,0,31,0,23,0,maven,False,open source,153,ba1b39f2be36d0ce6c959d2ea59e6ba78d233264,improvement,8,0,3,1,0,0
111,axel3rd_mpg-coach-bot,5,2,9,6,1,1,7,4,1,1,0,0,maven,False,open source,126,91edd92025745296d46c2f6b03b5718f25f6f5dd,improvement,11,0,3,0,0,0
115,platypusguy_FileDedupe,0,0,0,0,0,0,0,0,0,0,0,0,maven,False,open source,60,a4199de5d713272938e2ad21606e7aeef7dab53f,no improvement,8,0,0,0,0,0
114,fengwenyi_api-result,0,0,0,0,0,0,0,0,0,0,0,0,maven,False,open source,91,560cc81770ef4217acc7483d9f1cddc3878c3192,no improvement,17,0,0,0,0,0
116,cqfn_rio,2,1,17,16,1,1,10,10,6,5,0,0,maven,False,open source,112,554668c1764e2d71fd6fa5cd2d70b063fd1005e0,improvement,8,0,1,0,0,0
118,s1ck_gdl,0,0,0,0,0,0,0,0,0,0,0,0,maven,False,open source,94,0728c05284753c81a8c9bc6e03e57012779c5ef2,no improvement,11,0,0,0,0,0
122,jano7_executor,0,0,0,0,0,0,0,0,0,0,0,0,maven,False,open source,115,afa9dd02560c69e26f4addcd5b68500c5e95241b,no improvement,8,0,0,0,0,0
123,Cojac_Cojac,0,0,0,0,0,0,0,0,0,0,0,0,maven,False,open source,108,b60444346984dfe9756ebe7c85aa9199ede327a1,no improvement,17,0,0,0,0,0
124,dadiyang_equator,1,0,1,0,0,0,1,0,0,0,0,0,maven,False,open source,89,270b50c8debac54cff49464178cfd9b8d3130f3a,improvement,8,0,0,0,0,0
125,OnlineCodex_OnlineCodex,6,1,160,1,3,0,20,1,91,0,46,0,maven,False,open source,147,f4f389580d542da2849abaa120e6e765461748bc,improvement,8,0,0,0,0,0
99,Gubancs_leaflet4vaadin,5,4,92,85,4,4,21,20,57,51,10,10,maven,False,open source,3027,801156875a88c4ae4bc3e71fce765598aec09bbb,improvement,8,0,0,0,0,0
128,haobinaa_DataStructure-DesignPattern,3,0,5,0,1,0,3,0,1,0,0,0,maven,False,open source,54,adb0d31d95098f46ba11991045dc3cc331b8868e,improvement,8,0,0,2,0,0
129,mojohaus_xml-maven-plugin,5,1,34,5,3,0,16,3,7,2,8,0,maven,False,open source,165,ac1390b8874b9caec63f1d140c26484766276448,improvement,8,0,4,0,0,0
130,Homyakin_ZakupkiParser,6,1,71,1,6,0,35,0,26,1,4,0,maven,False,open source,194,57d6ef55d4eaf94e67e228b3f61d312b1a793a95,improvement,17,0,0,0,0,0
113,numaproj_numaflow-java,2,1,11,7,2,1,6,4,3,2,0,0,maven,False,open source,1729,25fe5e2eb1926c938a15e68ade82f0654bf66c97,improvement,17,0,0,1,0,0
120,Majlanky_couch-slacker,13,5,44,17,6,3,15,6,23,8,0,0,maven,False,open source,1521,4ba20b55ec9e456a12ec949d56f2bfce578c0945,improvement,8,3,4,3,0,0
131,burtcorp_athena-jdbc,2,0,48,0,2,0,26,0,20,0,0,0,maven,False,open source,197,700e3cc447e63605f0877699552c040a28f46587,improvement,8,0,0,0,0,0
126,samuelalmeida95_giveMeBack-api,9,7,216,145,19,18,96,60,85,61,16,6,maven,False,open source,1174,7ee80fc3237cfd4301d8d6643287aac95b86c7b6,improvement,11,2,6,0,0,0
142,myui_btree4j,2,1,7,6,0,0,1,0,3,3,3,3,maven,False,open source,119,4688aee221eaf2cf8972556a35cd6c49278ef2e0,improvement,8,0,0,0,0,0
153,shivam1608_JMailTM,2,1,5,3,0,0,3,3,2,0,0,0,maven,False,open source,77,6052d0bc2856edf4f8423da2e7523066f9e31dcd,improvement,8,0,0,0,0,0
159,reljicd_spring-boot-shopping-cart,12,10,711,132,29,9,229,29,306,59,147,35,maven,False,open source,487,c57d356844ccb71b18fa0b6a4f6cf7b947ce7684,improvement,8,0,0,0,0,0
163,mthmulders_clocky,1,1,1,1,0,0,0,0,1,1,0,0,maven,False,open source,93,5987b05f530f456f1c456520852005c74667f426,no improvement,8,0,0,0,0,0
162,alvelchev_spring-practices-demo,11,6,147,106,28,14,36,21,69,57,14,14,maven,False,open source,598,ab9df6febba9252404a5d15f1320139ea89901d6,improvement,17,3,3,0,0,0
152,batuhaniskr_product-system,11,9,510,118,22,18,190,43,211,46,87,11,maven,False,open source,1316,d9a3665f88ab7c86c7381bf91cedf1cf571683b8,improvement,8,6,1,1,0,0
164,InfluxCommunity_influxdb3-java,4,4,10,10,2,2,5,5,3,3,0,0,maven,False,open source,365,a12fa649a8f9252616ca07c4b2a8b7aafce5f1de,no improvement,11,0,0,0,0,0
167,messenger4j_messenger4j,2,0,10,0,0,0,5,0,5,0,0,0,maven,False,open source,96,cf91467608f7a705496362b3140d7f5241d91a95,improvement,8,1,0,1,0,0
166,bjansen_swagger-schema-validator,2,2,12,12,3,3,4,4,5,5,0,0,maven,False,open source,117,c4d0b1d9c398b72f87fe56e26c7e9dcef78a57db,no improvement,8,0,0,0,0,0
168,Mixermachine_base-test,0,0,0,0,0,0,0,0,0,0,0,0,maven,False,open source,108,9ff0805e470db64f487f1ffb5220efc29a5274e7,no improvement,8,0,0,0,0,0
170,PGSSoft_HttpClientMock,0,0,0,0,0,0,0,0,0,0,0,0,maven,False,open source,72,7d0a27d9dff9470f1937595b2a9a5b0258729cd5,no improvement,11,0,0,0,0,0
138,berndruecker_camunda-7-springboot-amqp-microservice-cloud-example,11,7,327,146,24,13,135,68,145,57,23,8,maven,False,open source,2022,c1752727e685ef09eb5559a03e13de83dce57d7e,improvement,8,3,1,0,0,0
169,hazelcast_hazelcast-zookeeper,5,2,50,10,2,0,18,8,21,2,9,0,maven,False,open source,181,5388699e0062125c81fd06c0d8b5f044a6de9aab,improvement,8,0,5,0,0,0
171,dungba88_promise4j,1,0,6,0,1,0,2,0,1,0,2,0,maven,False,open source,121,68a8814ae6d5115bb060c839fd7bdaa02c58dd08,improvement,8,0,1,0,0,0
173,erupts_Linq.J,0,0,0,0,0,0,0,0,0,0,0,0,maven,False,open source,63,08389e953170590fb328a208c39fadcf33c03e00,no improvement,8,0,0,0,0,0
175,digitalfondue_npjt-extra,3,1,7,3,1,1,3,2,1,0,2,0,maven,False,open source,181,63ec2e0b2e7ab3909eaa9b4604e25f53dcb818aa,improvement,8,0,1,2,0,0
172,trinodb_tpcds,3,3,7,7,3,3,4,4,0,0,0,0,maven,False,open source,307,8a02abbba864feedc2afd078c8153d66a95bb2d4,no improvement,8,0,0,0,0,0
180,slack-samples_bolt-java-starter-template,4,1,7,1,1,0,5,1,1,0,0,0,maven,False,open source,213,623b2fe8a7a78b4e0b94f6bd67ac99a706b71d08,improvement,11,0,0,0,0,0
181,JourWon_httpclientutil,3,1,167,1,7,0,55,0,73,1,32,0,maven,False,open source,113,ffddf2126767a498023783fd02a40b590dd34d13,improvement,8,0,0,0,0,0
182,mfoo_libyear-maven-plugin,6,3,30,12,3,2,13,4,6,1,8,5,maven,False,open source,358,4f9bf3a8eac6f1614e0fe44795fcf339e6097f22,improvement,17,1,3,0,0,0
174,eh3rrera_graphql-java-spring-boot-example,13,10,429,292,39,33,178,119,177,122,35,18,maven,False,open source,1705,6e03098cd329a705ffd9e62211216034cee2ae4d,improvement,11,0,0,0,0,0
184,StefanoPenazzi_chameleonQuant,4,3,17,4,1,1,7,1,7,2,2,0,maven,False,open source,120,30d3820247963c5dbfbaa98d38e5d31cf74c3845,improvement,11,1,1,0,0,0
185,pnavais_state-machine,4,1,6,1,1,0,5,1,0,0,0,0,maven,False,open source,145,f72982e13716315534321fb2d07f5a22461f34f5,improvement,8,0,2,0,0,0
183,liyupi_sql-father-backend-public,13,11,449,274,33,22,167,94,203,128,46,30,maven,False,open source,984,57a00afb82a9546385f7cb6fd60ae20f6db058f4,improvement,8,7,0,3,0,0
186,meixuesong_aggregate-persistence,5,0,8,0,0,0,1,0,7,0,0,0,maven,False,open source,99,692371a515f0a645a03af97f17575c542f3307b3,improvement,8,0,5,0,0,0
187,nscuro_bradamsa-ng,3,0,3,0,0,0,1,0,2,0,0,0,maven,False,open source,104,fa92e5a8a3fd740482480585f781dbd2b6727cad,improvement,11,0,2,0,0,0
188,SonarSource_sonar-auth-github,4,1,23,19,1,1,14,12,8,6,0,0,maven,False,open source,136,dd8426512ea93abac41f57048cd98888b8df2466,improvement,8,1,2,0,0,0
190,cbartosiak_bson-codecs-jsr310,0,0,0,0,0,0,0,0,0,0,0,0,maven,False,open source,123,77e93441d009f194c7803765482dd4943754f0fd,no improvement,8,0,0,0,0,0
191,acm19_aws-request-signing-apache-interceptor,2,2,2,2,0,0,2,2,0,0,0,0,maven,False,open source,107,bc215560286c3cefa4165214a215ef53e9580a0c,no improvement,8,0,0,0,0,0
177,yifanzheng_spring-security-jwt,18,16,444,312,29,26,141,110,219,139,55,37,maven,False,open source,2357,896940412a1b0c084e32ed27bb5c0b82a606dbb6,improvement,8,0,0,0,0,0
192,mipo256_properties-maven-plugin,7,2,10,2,1,0,6,1,3,1,0,0,maven,False,open source,404,2ab2e8ebc17f3b39eafdd09d6c05f51221b1af17,improvement,11,0,1,5,0,0
197,balamaci_rxjava-walkthrough,1,0,1,0,0,0,1,0,0,0,0,0,maven,False,open source,71,584e36bf4e466da718ae4c1361bb6bcf3b17a41d,improvement,8,0,0,0,0,0
198,xujijun_spring-boot-101,15,2,357,2,40,1,150,0,157,1,10,0,maven,False,open source,159,34cb5830b344538c54f1ff0c609a1e6ca7785506,improvement,8,0,0,0,0,0
193,jitwxs_express-ssm,20,8,265,54,8,5,83,14,121,20,53,15,maven,False,open source,681,b47abd325e8aa0436555272d864c849e84c2218c,improvement,8,0,0,0,0,0
199,MrGraversen_rust-rcon,4,0,12,0,3,0,4,0,5,0,0,0,maven,False,open source,113,bb59d994fb410e6b913f7e33c3efd02084558f41,improvement,17,0,0,0,0,0
206,Diptonil_raging-coffee,0,0,0,0,0,0,0,0,0,0,0,0,maven,False,open source,73,1853b902f3e07bcb64d006ba9b9426590c6ce570,no improvement,8,0,0,0,0,0
207,ffissore_slf4j-fluent,2,1,14,1,4,1,4,0,6,0,0,0,maven,False,open source,108,9e216800389512affb4d56ba99c28a456e51ff1e,improvement,8,0,1,0,0,0
204,jitsi_jitsi-utils,1,1,1,1,0,0,1,1,0,0,0,0,maven,False,open source,413,3b921419c73fc31b1b17175044a66882e92910ae,no improvement,11,0,0,0,0,0
208,houbb_junitperf,1,0,2,0,1,0,1,0,0,0,0,0,maven,False,open source,96,953300951e6021fe8cdc3ec9630a00675f74db91,improvement,8,0,0,0,0,0
210,callicoder_java-snowflake,0,0,0,0,0,0,0,0,0,0,0,0,maven,False,open source,70,a166af56e24a01dd91d5787f0b85afd5091559c0,no improvement,8,0,0,0,0,0
176,altraman00_hrweb,19,17,417,375,22,22,139,119,196,177,60,57,maven,False,open source,4030,3256de32c6461b7ce532223cc4e515f2418fb557,improvement,8,0,0,0,0,0
215,davidmoten_rxjava2-http,2,1,4,1,0,0,2,1,2,0,0,0,maven,False,open source,124,84e274e0130e7df47c2dfaa3121813d1ae1fb76b,improvement,8,0,0,0,0,0
214,ericmedvet_2dhmsr,4,1,23,8,1,1,7,3,11,2,4,2,maven,False,open source,227,e569066524de4f8c58d6b241c5c5c6e52804e848,improvement,17,0,0,0,0,0
209,reljicd_spring-boot-blog,12,10,711,132,29,9,229,29,306,59,147,35,maven,False,open source,621,ad754f162b0140cc1f81bea8c8cc9e8a35ce4001,improvement,8,0,0,0,0,0
223,erikssommer_web-programming-spring,9,2,292,2,30,0,112,0,124,2,26,0,maven,False,open source,164,03d534940a68c7909cd1f5fc99aa52f0c548fe5e,improvement,17,0,0,0,0,0
224,gameontext_sample-room-java,2,0,14,0,0,0,4,0,6,0,4,0,maven,False,open source,168,e7aa20f4029fa1d72b6dca089440b7802bc3437c,improvement,8,0,0,0,0,0
225,rxp90_jsymspell,0,0,0,0,0,0,0,0,0,0,0,0,maven,False,open source,85,4b0218691c68c7267f8933f5e9cb12ee9a5b98fd,no improvement,8,0,0,0,0,0
216,nikfoundas_etcd-viewer,19,8,250,59,10,7,67,22,116,26,57,4,maven,False,open source,892,4fa9ab2f6c665b879ade3a2556c5e8f2a3978331,improvement,8,0,0,0,0,0
228,authorjapps_zerocode-hello-world,5,2,102,93,14,10,25,20,42,42,21,21,maven,False,open source,145,7f3c0e77370190e58aa40c5a683d949eb77e7168,improvement,8,0,0,0,0,0
226,mlieshoff_jcrapi,10,2,24,7,1,0,7,1,9,3,7,3,maven,False,open source,416,e93952199ca6b5ef3a6d98fa17ea75b98be65843,improvement,8,0,0,0,0,0
230,oswaldobapvicjr_junit-utils,0,0,0,0,0,0,0,0,0,0,0,0,maven,False,open source,126,ec62bdbde1ea2a41220381fe4823ee5c3ea7d55c,no improvement,8,0,0,0,0,0
232,EeeMt_phone-number-geo,1,0,1,0,0,0,1,0,0,0,0,0,maven,False,open source,129,94787116ab8a226c9624f90431ca9a76314369e8,improvement,8,0,0,0,0,0
238,rabobank_shadow-tool,1,0,2,0,1,0,1,0,0,0,0,0,maven,False,open source,123,0fe6247f7e809a173d953f1615bae917c303d7dc,improvement,17,0,0,0,0,0
237,aws_aws-secretsmanager-jdbc,3,1,14,1,2,0,9,1,3,0,0,0,maven,False,open source,218,f6021d0d56ebd686a44f3a398f9643fd196092ba,improvement,11,0,0,0,0,0
239,stickfigure_hattery,2,0,5,0,2,0,3,0,0,0,0,0,maven,False,open source,197,2a13e192443e9d8fe7a4dcd4c027797c7c571365,improvement,11,0,0,0,0,0
251,inejc_mcts,1,0,1,0,0,0,1,0,0,0,0,0,maven,False,open source,74,70443896e54978d02b3956f917c25800540aef96,improvement,8,0,0,0,0,0
229,systelab_seed-springboot,13,12,199,64,28,13,63,20,99,29,9,2,maven,False,open source,1148,f880a1ec8b2b0fb2318ab3f62e68fb60aa237a65,improvement,17,0,0,0,0,0
253,pramoth_specification-with-projection,5,5,150,150,15,15,65,65,59,59,11,11,maven,False,open source,1360,a8e1ea24309626b50136bceb1d7905bd9968c342,no improvement,8,0,0,0,0,0
196,sunnj_story-admin,18,18,549,548,33,33,164,166,277,275,75,74,maven,False,open source,5107,f21b27d16c8975f34fc4fd393f93cd8d107e228f,improvement,8,0,0,0,0,0
254,retest_recheck.cli,3,1,21,14,4,2,5,3,11,8,1,1,maven,False,open source,270,23fc8fe2d5b7405275a00acd83bf84b4879bf01b,improvement,8,0,2,0,0,0
255,SValentyn_Payment-Management-System,3,3,11,11,0,0,3,3,5,5,3,3,maven,False,open source,124,c829abbc78c77a0b2fcf40526b3ea1b3450dc88a,no improvement,8,0,0,0,0,0
256,q3769_semver-maven-plugin,2,1,5,4,1,1,3,2,0,0,1,1,maven,False,open source,141,39e54b42c133e193fa9bff41b56380e6675e07b2,improvement,17,0,0,0,0,0
257,ofpay_logback-mdc-ttl,4,0,6,0,2,0,2,0,2,0,0,0,maven,False,open source,100,fb4a2ed76612317cf97b2aa748b4371ad4428193,improvement,11,0,0,0,0,0
258,anomaly2104_lld-parking-lot,0,0,0,0,0,0,0,0,0,0,0,0,maven,False,open source,75,645cb63ad4189b06ee787cf64477b918f3541a1d,no improvement,8,0,0,0,0,0
252,alaions_whiteCat,9,9,338,338,25,25,131,131,135,135,47,47,maven,False,open source,2244,986639e59cb3a1ec7f921d0648032087cdb0a393,no improvement,8,0,0,0,0,0
261,vilasvarghese_docker-k8s,1,0,1,0,0,0,1,0,0,0,0,0,maven,False,open source,92,916294c8090a8c4983c5bd827c46c2cb9a6023ea,improvement,8,0,0,0,0,0
262,tmurakam_spring-session-ext-mongo,6,1,11,1,3,0,2,0,6,1,0,0,maven,False,open source,174,7ad924ab0a87a38d45f67ae7a228ce75b48a898e,improvement,17,0,0,0,0,0
259,flauberjp_g-evidences,5,1,35,8,2,0,17,7,13,1,3,0,maven,False,open source,621,90448baa6ea1c3f8285619e3ce23f93e0b4ec245,improvement,8,0,0,0,0,0
263,oswaldobapvicjr_performetrics,0,0,0,0,0,0,0,0,0,0,0,0,maven,False,open source,132,6508c067cd7c846fed00e1b07cf35ffbf5dcd03e,no improvement,11,0,0,0,0,0
264,ele-admin_EasyCaptcha,0,0,0,0,0,0,0,0,0,0,0,0,maven,False,open source,65,f6cb6062f55704661adffe8ad571bfff7412fc52,no improvement,8,0,0,0,0,0
265,reschke_structured-fields,0,0,0,0,0,0,0,0,0,0,0,0,maven,False,open source,80,30d51f79b79be221bd1f83527ff17cc84b971eff,no improvement,17,0,0,0,0,0
267,hazelcast_hazelcast-azure,3,1,45,6,7,0,15,0,18,3,5,3,maven,False,open source,199,ad2e380c0638dd122554a28f2f3a24894d4b9502,improvement,8,0,0,0,0,0
268,kifj_wildfly-logstash,0,0,0,0,0,0,0,0,0,0,0,0,maven,False,open source,71,b9d2d0ffa3ea16f79e0f73379a03b5fbc3d2e306,no improvement,8,0,0,0,0,0
269,omnifaces_omniutils,0,0,0,0,0,0,0,0,0,0,0,0,maven,False,open source,155,6d1220490deb8df55d3aa7dfeda939d590475acd,no improvement,11,0,0,0,0,0
266,cassiomolin_jersey-jwt,13,5,473,110,4,3,72,17,277,65,120,25,maven,False,open source,589,eb6bc8cbc3400ed75c733d7c4dccd3e7135c9aac,improvement,8,0,0,0,0,0
270,Pradyuman7_Algorithmics,0,0,0,0,0,0,0,0,0,0,0,0,maven,False,open source,99,8eac23b76fb4b7ca50396fa1b7af2f1f4c81a31b,no improvement,11,0,0,0,0,0
271,bonarc712_commonjong,0,0,0,0,0,0,0,0,0,0,0,0,maven,False,open source,79,3420ee1208aa9285f34a8c0bf560ac04f16d783a,no improvement,17,0,0,0,0,0
272,jbgust_jsrm,1,0,1,0,0,0,0,0,1,0,0,0,maven,False,open source,129,e3c3a8bd23142d444b7aacaca08dec590dcc80f7,improvement,17,0,0,0,0,0
275,coralblocks_CoralPool,0,0,0,0,0,0,0,0,0,0,0,0,maven,False,open source,109,dc2ea102d287df69eea0402bf89b6e017114c3ac,no improvement,17,0,0,0,0,0
274,making_retryable-client-http-request-interceptor,4,4,6,6,1,1,2,2,3,3,0,0,maven,False,open source,219,c02d8cedee3466263cc52c66cbe0003477be7b58,no improvement,17,0,0,0,0,0
280,arxila_atomichash,1,0,1,0,0,0,1,0,0,0,0,0,maven,False,open source,100,de96f49c07ee4310d449676bd4c02036f46ff74b,improvement,11,0,0,0,0,0
281,yusufyilmazfr_podcast4j,1,0,1,0,0,0,0,0,1,0,0,0,maven,False,open source,83,878f8d3cae3890ec390285054b29aeb583270d1b,improvement,11,0,0,0,0,0
260,MeftunH_find-out-my-loan,15,12,346,210,36,27,101,76,177,99,32,8,maven,False,open source,1773,fe2206024feb99beee1e7ea1f1802e5d2173610d,improvement,17,0,0,0,0,0
283,springframeworkguru_spring5-recipe-app,6,1,237,1,16,0,78,0,114,1,29,0,maven,False,open source,243,906e6308ddcd52a9b98b9a19c0d7b787f62e431b,improvement,8,0,0,0,0,0
279,jssaggu_springboot-tutorial,8,4,97,73,21,15,38,28,36,28,2,2,maven,False,open source,569,93adbe5a06493572778ec200c2b02eefbd180501,improvement,17,0,0,0,0,0
290,octavian-h_time-series-math,0,0,0,0,0,0,0,0,0,0,0,0,maven,False,open source,73,4fad82278e42307458a9faa46c2f13e2ac9816c6,no improvement,8,0,0,0,0,0
248,hehao98_MigrationHelper,21,10,415,235,27,30,183,100,178,95,27,10,maven,False,open source,5086,fdc7d2ab43006a19209349401c18b86094a2fef7,improvement,8,0,0,0,0,0
294,tballison_commoncrawl-fetcher-lite,8,5,12,7,0,0,7,5,0,0,5,2,maven,False,open source,280,5ea544a86003e7e20ca189e308aacde331734277,improvement,17,0,0,0,0,0
293,viz-centric_flair-commons,5,5,230,230,0,0,15,15,122,122,93,93,maven,False,open source,854,94b813dd41c50f5483612a40604455140ab7f109,no improvement,8,0,0,0,0,0
295,neilswainston_FragGenie,1,1,20,5,1,0,7,4,9,1,3,0,maven,False,open source,288,9d62a3216219a9d94e89131ba790576d96b708fb,improvement,8,0,0,0,0,0
296,ArtyomPanfutov_loan-amortization-calculator,4,0,25,0,4,0,8,0,13,0,0,0,maven,False,open source,143,74c5d4fa5b1de97048fed87e4748da54fb7d7acc,improvement,8,0,0,0,0,0
286,gitchennan_elasticsearch-analysis-lc-pinyin,3,2,27,24,1,1,19,17,7,6,0,0,maven,False,open source,1244,55392c7ebe7892612ead673369dae4da781d06d6,improvement,8,0,0,0,0,0
298,viadee_javaAnchorExplainer,3,0,3,0,0,0,2,0,0,0,1,0,maven,False,open source,156,e027aaf6863d73681144aadbd4006487550b3242,improvement,8,0,0,0,0,0
300,JordanSamhi_AndroSpecter,4,3,10,8,1,1,1,1,8,6,0,0,maven,False,open source,200,e4bee00f0f8243cc818cdc93949cedecabcc2f8e,improvement,8,0,0,0,0,0
282,wkrzywiec_NoticeBoard,13,8,320,191,21,15,114,86,146,77,39,13,maven,False,open source,1973,277050107a39d936220b0fe2a5163d4fa4d1d9f2,improvement,11,0,0,0,0,0
301,bertique_SonosOneDriveServer,10,1,76,4,9,2,26,2,28,0,13,0,maven,False,open source,296,5c8a0746f945394775a85faaad7644a06e43b1be,improvement,17,0,0,0,0,0
303,sahaRatul_sela-java,1,0,1,0,0,0,1,0,0,0,0,0,maven,False,open source,85,3fa9af60851d5efc01e1977c70deda7b7d254768,improvement,11,0,0,0,0,0
302,jonashackt_spring-reactive-redis-messaging,6,3,94,6,13,3,46,2,34,1,1,0,maven,False,open source,215,4e81e8d0a536935ff6d6f8b4a0c10c11b228c4cc,improvement,8,0,0,0,0,0
305,springframeworkguru_gof,2,1,40,1,3,0,17,0,17,1,3,0,maven,False,open source,108,d4a4f8ecb79a46fa9dd43a733425354a3e19c6b2,improvement,8,0,0,0,0,0
306,slipegg_LGDCloudSim,2,0,5,0,2,0,3,0,0,0,0,0,maven,False,open source,95,09e50efd4a1c04a48b04fac88dcf96258d43c9cf,improvement,17,0,0,0,0,0
308,volodya-lombrozo_jsmith,0,0,0,0,0,0,0,0,0,0,0,0,maven,False,open source,72,f6d27ac2ce3ce4416c81d24ae7f6b77958320168,no improvement,11,0,0,0,0,0
307,ZimoLoveShuang_wisedu-unified-login-api,9,7,251,81,16,9,84,35,116,33,35,4,maven,False,open source,572,2bf5bca2b90bb965c04f4a42f06bb3eb1688df30,improvement,8,0,0,0,0,0
315,webperside_course-erp-backend,11,9,163,78,26,14,56,26,75,34,6,4,maven,False,open source,852,25caceabbf28e9a4668d7985569bf3f84ef99484,improvement,17,0,0,0,0,0
316,oxctl_spring-security-lti13,6,6,41,41,5,5,22,22,12,12,2,2,maven,False,open source,667,e6f380caf88789daee764c7b149a33d74ee635a6,no improvement,17,0,0,0,0,0
314,FlowingCode_XTermConsoleAddon,3,3,41,16,4,1,20,10,16,5,1,0,maven,False,open source,1068,ea4b326e7540a7b6fb4e2f14933893d7aa28d63c,improvement,17,0,0,0,0,0
317,aws-cloudformation_cloudformation-template-schema,4,0,5,0,0,0,1,0,4,0,0,0,maven,False,open source,259,5d7815b14fd533c15c30f9046a76cdcb89afd32a,improvement,8,0,0,0,0,0
318,ASSERT-KTH_deptrim,10,4,50,33,4,3,16,9,17,11,13,10,maven,False,open source,232,15dd1c97d2b3f7a0f27541d13657116fb4da6b63,improvement,11,0,0,0,0,0
297,futureGroup2017_index-evaluation,11,10,314,272,24,24,122,99,138,122,30,27,maven,False,open source,2402,be2eb46342c4e54d8f8aec4be324f0a9a59a6f87,improvement,8,0,0,0,0,0
328,spotify_annoy-java,0,0,0,0,0,0,0,0,0,0,0,0,maven,False,open source,97,aef275bd5b872b0931bde557bf8627c0476246af,no improvement,8,0,0,0,0,0
319,648540858_wvp-pro-assist,8,8,149,112,15,10,67,52,62,46,5,4,maven,False,open source,1090,6a8b3ffb005547ad59afe22af15e0008e3fdf58c,improvement,8,0,0,0,0,0
322,sef-global_scholarx-backend-v1,19,10,529,101,42,14,211,41,219,38,57,8,maven,False,open source,1429,022bfbd29d9d534a75cca8feb8ccf8d45643e85a,improvement,8,0,0,0,0,0
335,dropwizard_dropwizard-redis,4,3,11,10,2,2,7,7,2,1,0,0,maven,False,open source,267,420d22b093e8b78539ba2bdffd403bfc33517f69,improvement,17,0,0,0,0,0
336,fcrepo-exts_migration-utils,7,6,30,29,3,3,12,12,14,13,1,1,maven,False,open source,1091,e8610b56717c0d354768b44a30a44463ae78206a,improvement,11,0,0,0,0,0
333,rpeleias-v1_personapi_digital_innovation_one,6,6,195,161,16,12,83,66,83,71,13,12,maven,False,open source,2113,ced092672ced99238e28ab319f4284bf68e391d0,improvement,11,0,0,0,0,0
337,MyCATApache_Mycat-NIO,1,0,7,0,1,0,2,0,1,0,3,0,maven,False,open source,92,46f7f2cb26336191fa10c32883fef8c0cd761047,improvement,8,0,0,0,0,0
338,cryptomator_integrations-api,0,0,0,0,0,0,0,0,0,0,0,0,maven,False,open source,96,a39c129c407b7b01671683df39ca2f9396e20a3f,no improvement,17,0,0,0,0,0
339,Natural-Intelligence_openLineage-openMetadata-transporter,4,0,13,0,1,0,5,0,7,0,0,0,maven,False,open source,172,a57923c73da8ea74cd65b5d1da13c6ee539812a5,improvement,8,0,0,0,0,0
327,yashi-soft_SardinePanel_Server,26,15,573,358,37,25,212,134,246,156,78,43,maven,False,open source,3012,c16456588ca7e88f78eeec60a6df68549a92e50a,improvement,8,0,0,0,0,0
346,superaghu_LeetCodeLocally,2,0,18,0,1,0,11,0,6,0,0,0,maven,False,open source,165,8c5079ad09ed4d4a90c012791c6b0f6ca4fd9ece,improvement,8,0,0,0,0,0
345,cardpay_java-sdk-v3,8,1,30,12,3,1,17,8,10,3,0,0,maven,False,open source,257,c1de253109fe8f4b1d67c4c95498afa7552f9d66,improvement,8,0,0,0,0,0
347,youngmonkeys_game-box,2,2,8,4,4,2,4,2,0,0,0,0,maven,False,open source,274,3daa5520460d08476d9016d95e942a1de5cb495c,improvement,8,0,0,0,0,0
334,htmfilho_digger,10,9,241,240,22,22,93,93,105,104,21,21,maven,False,open source,2808,9c92a4ba13671d17566e58a5c5b3f68e27e61360,improvement,11,0,0,0,0,0
350,s-frei_TrackSearch,3,0,7,0,2,0,3,0,2,0,0,0,maven,False,open source,128,22ae6b8b03db5386d018f9f1571ba9eec812087d,improvement,17,0,0,0,0,0
351,netopyr_wurmloch-crdt,2,0,4,0,1,0,3,0,0,0,0,0,maven,False,open source,91,72e6edea14ec3d328dbffad46d0f92fa71dc5b4d,improvement,8,0,0,0,0,0
349,KiroScarlet_PromoProject,8,5,292,126,12,12,81,47,140,50,59,17,maven,False,open source,508,f17bcf0a6cbde61d2d2a260e95e7b3f58d90b432,improvement,8,0,0,0,0,0
356,imohsenb_ISO8583-Message-Client-java,1,0,1,0,0,0,0,0,1,0,0,0,maven,False,open source,129,5a3845ba06e8c83deb26963808d253670955a66d,improvement,8,0,1,0,0,0
353,jcustenborder_kafka-connect-twitter,6,5,76,61,6,4,35,28,33,29,2,0,maven,False,open source,417,6cb28cc8c4dc58703fe327af66a61285e6a0c247,improvement,8,0,0,0,0,0
357,jethronap_jstat,7,4,103,18,3,0,25,13,62,4,13,1,maven,False,open source,235,36869c9d55f5b6c34679984c48bec5b35d02db04,improvement,11,0,0,0,0,0
360,simple-java-mail_java-utils-mail-smime,5,1,5,1,0,0,4,1,1,0,0,0,maven,False,open source,277,dbd30a51c02078a44c4bbfa79589e224bb69b645,improvement,8,0,0,0,0,0
361,simple-java-mail_smtp-connection-pool,3,1,3,1,0,0,2,1,1,0,0,0,maven,False,open source,232,db65b09c8a1c60cffcbd7bdf339bb9bdf7748e33,improvement,8,0,0,0,0,0
362,Graylog2_graylog-s3-lambda,11,3,36,11,2,1,17,7,16,3,1,0,maven,False,open source,225,71368fd59c37b437daba058f709c47503348d2db,improvement,8,0,0,0,0,0
352,EalenXie_shiro-jwt-applet,10,10,402,389,20,20,113,107,207,205,62,57,maven,False,open source,2530,9d41ea954e5a3a98efe3c0c4ff6dcbdbe9f54ab1,improvement,8,1,1,0,0,0
21,dikhan_pagerduty-client,7,3,256,144,12,10,77,54,116,56,51,24,maven,False,open source,492,4c1f3518bb49380b6ac9e00e912cb9b2957460dc,improvement,8,1,2,2,0,0
305,oracle_oci-toolkit-intellij,0,0,0,0,0,0,0,0,0,0,0,0,maven,False,open source,39,50dd2e1a06089414b21e2a6c6d96797bb4f552c5,no improvement,17,0,0,0,0,0
327,antkorwin_better-strings,1,0,1,0,0,0,0,0,1,0,0,0,maven,False,open source,15653,96f4a6fda0fd6b22d6b5c8e15508cc45d57c0c0f,improvement,8,0,1,0,0,0
332,aws-cloudformation_cloudformation-resource-schema,2,0,3,0,0,0,0,0,3,0,0,0,maven,False,open source,171,d46e05a64c1343d4811079e3cd6c20468dfc83b6,improvement,8,0,0,0,0,0
334,fuzhengwei_chatglm-sdk-java,9,1,38,17,1,1,16,8,20,7,1,1,maven,False,open source,159,edc307b7fa1c417277212bf1d86c48c441241e79,improvement,8,0,0,0,0,0
331,verilylifesciences_genomewarp,3,2,50,49,2,2,29,29,18,17,1,1,maven,False,open source,609,9c255e228f3eb863c3a9096d3af8b7fce4f14c46,improvement,8,0,1,1,0,0
336,code4wt_JSONParser,2,0,2,0,0,0,2,0,0,0,0,0,maven,False,open source,85,9a7506abcdd2d90e1f06c943fd13933388bf825a,improvement,8,0,0,0,0,0
330,mewebstudio_java-spring-boot-boilerplate,18,14,197,125,44,27,70,43,78,51,5,4,maven,False,open source,1029,875cf224b95594e07c4eed9df690a70e7ac3a906,improvement,17,8,2,0,0,0
339,jonashackt_spring-boot-rest-clientcertificate,3,1,98,1,14,0,40,0,40,1,4,0,maven,False,open source,134,8b3a6c8e1c93a42fb9dc3244b573213208f1e3c8,improvement,8,3,0,0,0,0
335,QianmiOpen_spring-boot-starter-rocketmq,5,5,137,129,5,5,42,37,60,58,30,29,maven,False,open source,3674,97ee46668d9f1f7f4fef482f767e8740c8e4fafd,improvement,8,0,0,0,0,0
337,hufeiyaya_QyChat,10,10,259,253,16,15,96,93,106,104,41,41,maven,False,open source,3625,88b606d83369c260097cf1cca5105a8d6c657ada,improvement,8,0,0,0,0,0
341,purvesh62_expense-manager,12,9,231,169,20,20,81,71,107,74,23,4,maven,False,open source,1863,188c69ea53ff9e5ff3db531ec8f92c39a131303b,improvement,18,0,1,0,0,0
342,springframeworkguru_springboot_swagger_example,10,8,580,293,29,25,179,98,274,137,98,33,maven,False,open source,1900,89ce87d1e4ff1f18f99ded452244968093427c84,improvement,8,0,0,0,0,0
343,romankh3_aws-lambda-unzip-s3-java,3,2,57,54,0,0,6,5,33,31,18,18,maven,False,open source,231,dcf705441d874070f0a1359803916e3c1e44045f,improvement,8,0,0,0,0,0
348,HoseinRezaeeM_Travel-ticket-online-purchase-system,9,4,37,26,2,2,16,11,15,10,4,3,maven,False,open source,178,64ca1be1f7813a7420bb055430e448ec3eca8412,improvement,17,0,3,3,0,0
338,xiaoyeshenger_java_pytorch_onnx_tensorrt_yolov8_vue,36,36,793,793,54,54,310,310,343,343,86,86,maven,False,open source,6655,2e90525c62e2d1eb17c20fa895faf83414073d1f,no improvement,8,0,0,0,0,0
344,devopshydclub_vprofile-repo,11,4,173,28,10,3,71,11,73,11,19,3,maven,False,open source,1870,87b1a2e20e5e94a0c15978de9659130d64c8b19e,improvement,8,8,2,0,0,0
350,Wilson-Pedro_Servico-de-viagem-API,13,6,165,46,27,6,54,15,77,20,7,5,maven,False,open source,813,ab7daa13aa331549b5ba41a4ebfd8d20410ce092,improvement,17,1,8,0,0,0
351,scordio_spring-batch-notion,6,5,28,13,9,4,8,3,11,6,0,0,maven,False,open source,490,198c247d2d569e47afe1965af972cee107d431d7,improvement,17,0,0,0,0,0
352,arieslab_jnose-core,0,0,0,0,0,0,0,0,0,0,0,0,maven,False,open source,96,e701f4fbde6eebab9d6fedd60a1f779dbb43340d,no improvement,11,0,0,0,0,0
353,nuriofernandez_ReflectedEventHandler,0,0,0,0,0,0,0,0,0,0,0,0,maven,False,open source,100,5ea98a6527cd8d94e68a728310554a628c535b03,no improvement,11,0,0,0,0,0
349,alkemyTech_OT275-server,12,11,293,205,21,18,100,84,141,91,31,12,maven,False,open source,3283,9247f789a305c173dd47719067630781241504ae,improvement,11,0,0,0,0,0
37,Nylle_JavaFixture,1,0,1,0,0,0,0,0,1,0,0,0,maven,False,open source,123,883f6f3e2899f9096af34da2040fc20c20def060,improvement,11,0,0,1,0,0
36,jenkinZhou_online-face,11,10,318,114,21,11,106,44,147,44,44,15,maven,False,open source,527,000dfa93a746b7e29b48f4819b3399e000027c16,improvement,8,4,1,0,0,0
39,volodya-lombrozo_xnav,1,0,3,0,1,0,2,0,0,0,0,0,maven,False,open source,111,422a35dc79e81acf5014a7a4e074164cbc3d0cf5,improvement,11,0,1,0,0,0
40,xdev-software_xapi,0,0,0,0,0,0,0,0,0,0,0,0,maven,False,open source,126,f0c738e2c16f087859d6c1151a4cd118f06eff17,no improvement,8,0,0,0,0,0
41,SvenWoltmann_sorting-algorithms-ultimate-guide,0,0,0,0,0,0,0,0,0,0,0,0,maven,False,open source,72,319f777c0b62493623bb020220c58fc51d70f609,no improvement,17,0,0,0,0,0
44,expr4j_expr4j,0,0,0,0,0,0,0,0,0,0,0,0,maven,False,open source,99,f898b242519f7fe378cdc76fe396f3004fcd1da2,no improvement,8,0,0,0,0,0
51,in28minutes_JUnitIn28Minutes,1,0,1,0,0,0,1,0,0,0,0,0,maven,False,open source,70,1d734a6d35df32a6e4716484d269f37e13bf0938,improvement,8,0,0,0,0,0
50,Crim_pardot-java-client,8,1,18,1,0,0,4,1,14,0,0,0,maven,False,open source,195,7356eb7d7b29f0c93d0b597711ccb8c2a412d892,improvement,8,0,7,0,0,0
56,Verdoso_epl_librarian,10,8,107,99,20,20,37,34,47,42,3,3,maven,False,open source,1472,9b11706f31d746eede2ce9bd08e9ed2704c32565,improvement,17,0,1,0,0,0
61,dropwizard_dropwizard-kafka,6,6,32,32,4,4,14,14,14,14,0,0,maven,False,open source,183,d1d03699718d11e3dbb2ba8f4fe408869bee9b4d,no improvement,17,0,0,0,0,0
60,hantsy_jakartaee10-starter-boilerplate,2,1,2,1,0,0,0,0,2,1,0,0,maven,False,open source,510,d6e8e24450346e5922851f974b7564cdf9425d7f,improvement,17,0,0,1,0,0
43,nosqlcoco_springboot-weapp-demo,15,14,595,590,31,31,197,196,255,253,112,110,maven,False,open source,2990,c843e2b692049680fba582e20fef53294c7a8e87,improvement,8,0,0,1,0,0
79,Shunshun94_discord-bcdicebot,5,1,26,11,2,0,17,10,7,1,0,0,maven,False,open source,126,b8c88f9cf3ddf57486872c9b7fbebc5e3108a4b0,improvement,8,0,5,0,0,0
78,rajithd_spring-boot-oauth2,8,7,294,186,14,16,95,77,132,75,53,18,maven,False,open source,1106,15fab2417c10cde179a4437951db17361d7eda8c,improvement,8,7,1,0,0,0
89,csong2022_algorithm-design-manual-java,1,0,1,0,0,0,1,0,0,0,0,0,maven,False,open source,70,185c84012a61f4a232a282dbd03be43dd9df7059,improvement,8,0,0,0,0,0
174,morihofi_acmeserver,6,1,7,1,0,0,7,1,0,0,0,0,maven,False,open source,501,9777a31c95a4e636a989d0911f1a053c18fdb949,improvement,17,0,4,1,0,0
177,vitalibo_Brick-Game-9999-in-1,1,0,9,0,0,0,6,0,3,0,0,0,maven,False,open source,121,f8dd8f0a00954dfc5f6f5752b661082495f8fe78,improvement,8,0,0,0,0,0
179,jckleiner_notion-backup,11,1,57,2,4,1,28,1,25,0,0,0,maven,False,open source,331,26bc0aa2d0c21a561d30540d7f81e304495534b8,improvement,11,3,7,0,0,0
178,WangJi92_arthas-plugin-demo,9,8,219,114,20,11,99,47,89,49,11,7,maven,False,open source,1558,79b9bd9b266890e74a3447b3fcd59847768a03c9,improvement,8,4,0,0,0,0
180,CreditTone_goniub,9,2,48,10,5,1,23,6,15,2,5,1,maven,False,open source,660,05a77a54f7d2128ad405c1fe743f0d581dc2d699,improvement,8,0,4,3,0,0
186,loyispa_jgc_exporter,1,0,4,0,2,0,2,0,0,0,0,0,maven,False,open source,173,1106a3c53ecd1702d1587c7d1a862534167b48c6,improvement,11,0,0,1,0,0
189,azam_ulidj,0,0,0,0,0,0,0,0,0,0,0,0,maven,False,open source,160,0ef67e21bbeea5c4516c6346b236a2ed3d0be4b6,no improvement,11,0,0,0,0,0
175,gismaker_lambkit,39,34,1200,927,38,27,322,246,617,475,223,179,maven,False,open source,3439,1a3690a499380667be67b54f57eb62a82686cebf,improvement,8,2,3,2,1,0
190,murfffi_zebra4j,4,1,17,7,1,0,9,5,7,2,0,0,maven,False,open source,306,01e4f676386b0b95836b09128b4c501f76a08300,improvement,8,0,2,0,0,0
195,kittylyst_optimizing-java,0,0,0,0,0,0,0,0,0,0,0,0,maven,False,open source,87,7ebdb3598fb9dedd715945719fe0b2792ebdecde,no improvement,8,0,0,0,0,0
194,Glusk_srp6-variables,0,0,0,0,0,0,0,0,0,0,0,0,maven,False,open source,151,c96f864db49848a7542f969d3fa6265cc3ca4ef4,no improvement,17,0,0,0,0,0
181,LookBackInTheRain_oauth-boot,15,14,630,587,30,26,182,163,310,292,108,106,maven,False,open source,2060,7bf6a0700947e555e12454f0ec59bbcf017de0de,improvement,8,2,0,1,0,0
200,meteoinfo_wContour,0,0,0,0,0,0,0,0,0,0,0,0,maven,False,open source,213,dade1e866bf3d3eab56bd09f2b1dcdac5c1ee6f6,no improvement,8,0,0,0,0,0
201,k33ptoo_KControls,0,0,0,0,0,0,0,0,0,0,0,0,maven,False,open source,139,74bb01515509cd75c2081c7c7ed6220789f84f0d,no improvement,8,0,0,0,0,0
1,clean-arch-enablers-project_cae-framework,1,0,2,0,1,0,1,0,0,0,0,0,maven,False,open source,84,d2a2527581d5ba5b233706a6bb6ec52155f4e40b,improvement,11,0,0,1,0,0
8,javaparser_javaparser-visited,1,0,1,0,0,0,0,0,1,0,0,0,maven,False,open source,80,484363654e0236176eb854a1d19774c8aa9b1c07,improvement,8,0,1,0,0,0
5,ezasm-org_ezasm,1,0,1,0,0,0,1,0,0,0,0,0,maven,False,open source,188,75bd999c0886984003985037b7d18f8c259e6eb5,improvement,17,0,1,0,0,0
6,cncq-kycb_Springboot-TaoCheNet,7,6,235,25,19,7,103,9,98,9,15,0,maven,False,open source,232,fbbcc5c9e08ea6bcb6b45894f6e362aa4e9f4537,improvement,8,5,1,1,0,0
9,janlely_jparser,1,0,1,0,0,0,1,0,0,0,0,0,maven,False,open source,120,4699f5c62adf11c143eb5a1ba1fd10cc25328981,improvement,11,0,1,0,0,0
10,kobeyk_SpringBoot-DesignMode,2,1,136,1,7,0,39,0,63,1,27,0,maven,False,open source,115,acffd578d73314c708a85cc2931d5bb635847f0e,improvement,8,2,0,0,0,0
15,codelibs_ranklib,0,0,0,0,0,0,0,0,0,0,0,0,maven,False,open source,76,e43f605f2ccba8e43aefab7a17e69605ea865e35,no improvement,8,0,0,0,0,0
7,clusterfk_chaos-proxy,4,3,324,61,20,9,81,20,178,29,45,3,maven,False,open source,447,b150e9756f6cb9eacf7a82608b55404edc80dde2,improvement,8,4,0,0,0,0
18,luanqiu_java8,0,0,0,0,0,0,0,0,0,0,0,0,maven,False,open source,37,c74de6e5f06d4676bb3857c795a5512311d20f93,no improvement,17,0,0,0,0,0
14,bbottema_java-socks-proxy-server,3,0,3,0,0,0,2,0,1,0,0,0,maven,False,open source,209,7e57f21cdd3b628e3520ca44b1618af79841f11d,improvement,8,0,3,0,0,0
17,indeedeng_mph-table,11,6,72,30,9,8,22,15,21,4,20,3,maven,False,open source,156,7d9cd3db50e5d0c7f3985bba426483f8681c0120,improvement,8,1,1,5,0,0
145,victorrentea_clean-code-java,2,0,5,0,2,0,2,0,1,0,0,0,maven,False,open source,135,0907d4ea9b5b1034200cb39a1a4d690540487d62,improvement,17,0,0,0,0,0
146,wz2cool_mybatis-dynamic-query,10,4,169,29,14,7,74,12,68,10,13,0,maven,False,open source,319,134d8fcfa75830b8cad87a1344dd7722cded3d60,improvement,8,0,0,0,0,0
147,Pyknic_CodeGen,1,0,1,0,0,0,1,0,0,0,0,0,maven,False,open source,87,05e147e405fbfbce0535eb467517aef94e147f1a,improvement,8,0,0,0,0,0
148,Dogloverblue_Lorcana-API,2,0,2,0,0,0,1,0,1,0,0,0,maven,False,open source,72,12953522ec1ef6d6a5d995d80622c64dd74ae1f1,improvement,17,0,0,0,0,0
150,thjomnx_java-systemd,0,0,0,0,0,0,0,0,0,0,0,0,maven,False,open source,80,18bae745f6bd2ff522fc0a85ac68945eb3f13cbd,no improvement,17,0,0,0,0,0
149,wankaiyi_feishuservice,11,11,149,137,22,20,57,53,66,60,4,4,maven,False,open source,1352,77f9e86ebf107a501cf640545fe23ca460add135,improvement,17,0,0,0,0,0
151,eBay_bsonpatch,1,0,1,0,0,0,0,0,1,0,0,0,maven,False,open source,92,ca122aa773ea762afc98aa361f0d0921b84e6293,improvement,8,0,0,0,0,0
152,cellsrg_tabbypdf,3,0,11,0,0,0,9,0,1,0,1,0,maven,False,open source,140,def8bb08e7733a9b87e593cb5363ef82581628c1,improvement,8,0,0,0,0,0
153,palatable_shoki,2,2,2,2,0,0,2,2,0,0,0,0,maven,False,open source,104,0630c60c44ff58e5a142196b6233d12c82bd6c4b,no improvement,8,0,0,0,0,0
155,AuthMe_ConfigMe,0,0,0,0,0,0,0,0,0,0,0,0,maven,False,open source,76,c7c213ca929567bce70abe347ee94e349cc2ba58,no improvement,8,0,0,0,0,0
156,jashaj_spring-boot-thymeleaf-fragments,7,5,27,22,7,6,10,8,10,8,0,0,maven,False,open source,245,4e20daa6a8f1bdfda6ba93b809972f989cc85044,improvement,17,0,0,0,0,0
159,dungba88_libra,1,0,1,0,0,0,0,0,1,0,0,0,maven,False,open source,160,14ca069d585f2d756099f69c4e4c5dfb2acc3bfd,improvement,17,0,0,0,0,0
160,jenshadlich_S3-Performance-Test,5,0,66,0,2,0,10,0,33,0,21,0,maven,False,open source,194,73dfd31b84eef0ecd2974203cbd5ae459b3446dd,improvement,8,0,0,0,0,0
161,jodastephen_jpms-module-names,1,0,68,0,1,0,14,0,34,0,19,0,maven,False,open source,502,86232667f236baae5851d0f7d152a7adee58c339,improvement,11,0,0,0,0,0
162,manticore-projects_H2MigrationTool,1,0,1,0,0,0,1,0,0,0,0,0,maven,False,open source,98,5b715410331e0e8dd66c5b81e60a2edf894112b2,improvement,11,0,0,0,0,0
154,GreatGarlic_NettyReverseProxy,12,11,581,579,23,23,128,128,336,336,94,92,maven,False,open source,3951,d30509c69ac9d36df1021b238db2939b252c0dd1,improvement,8,0,0,0,0,0
164,JeremyTsaii_leetcode-stats-api,4,2,109,73,10,6,45,28,47,33,7,6,maven,False,open source,465,525bb8310c126611262065e22b96f4437d6b898c,improvement,8,0,0,0,0,0
163,acenelio_springboot2-ionic-backend,8,8,376,375,19,19,121,121,173,173,63,62,maven,False,open source,3648,d5419ee2857db1d672e92c887c3698d3899517c1,improvement,8,0,0,0,0,0
166,Project-Books_books-api,10,5,299,108,23,10,125,43,122,45,29,10,maven,False,open source,951,1634e7766c27a99c5a5594a6ba9c856ea0eebaf5,improvement,11,0,0,0,0,0
167,davidmoten_word-wrap,0,0,0,0,0,0,0,0,0,0,0,0,maven,False,open source,118,65ee470f3662eb73d681447f2f7ef2210a65b4d1,no improvement,8,0,0,0,0,0
165,UCL-CREST_Siamese,6,3,40,37,2,2,26,26,11,8,1,1,maven,False,open source,2717,8ac891d11590a1b0ddd54ef6025d31762d45d95e,improvement,8,0,0,0,0,0
169,ngageoint_simple-features-geojson-java,0,0,0,0,0,0,0,0,0,0,0,0,maven,False,open source,158,f0c7b96acf2ffbcc892d85379e17803e17d080ff,no improvement,11,0,0,0,0,0
170,banmajio_RTSPtoHTTP-FLV,3,3,115,115,9,9,50,50,49,49,7,7,maven,False,open source,612,a8f96119c11aaf0dcf47f64ca37075be9eb2d10e,no improvement,8,0,0,0,0,0
168,dbpedia_ontology-tracker,19,19,1444,1373,23,22,346,337,720,684,355,330,maven,False,open source,2503,c359a5a0e012e6a8ea12168aa0a9eaaf949e3c3d,improvement,8,0,0,0,0,0
172,spannm_ucanaccess,1,0,1,0,0,0,0,0,1,0,0,0,maven,False,open source,249,6db0373a8209ecc5f635e8d963b80ad7e735fca5,improvement,11,0,0,0,0,0
171,vatri_spring-rest-ecommerce,9,9,586,586,24,24,175,175,255,255,132,132,maven,False,open source,1994,655ddd6990f8eac9a2b8d75f13fd855e1dc3d3fd,no improvement,8,0,0,0,0,0
174,vy_rotating-fos,2,0,2,0,0,0,1,0,1,0,0,0,maven,False,open source,103,608a89c1632f7fba9661446414f0d03ce40893d8,improvement,8,0,0,0,0,0
175,bbossgroups_springboot-elasticsearch-webservice,14,11,350,47,15,4,79,23,182,20,74,0,maven,False,open source,598,dc0efeb9219ca299b256d87fb934ec2b26b19407,improvement,8,0,0,0,0,0
173,harry-xqb_rent-house,18,13,483,222,31,17,192,90,213,92,47,23,maven,False,open source,1622,28c4bf2444b3bcd481cd207e580adf39bd463c93,improvement,8,0,0,0,0,0
176,onewelcome_java-spring-oidc-example,11,9,178,173,19,18,81,79,64,62,14,14,maven,False,open source,955,12eac6770b810db2db20c3ed74be08e265bec9c9,improvement,8,0,0,0,0,0
178,cartoonYu_LeetCodeSolution,0,0,0,0,0,0,0,0,0,0,0,0,maven,False,open source,76,85262be381c640466e5b65e58526c04d31e550cc,no improvement,8,0,0,0,0,0
179,MasterFlomaster1_JFXCrypto,0,0,0,0,0,0,0,0,0,0,0,0,maven,False,open source,494,6e04b639d4d375eeb697988ed4244ec95dfb280a,no improvement,17,0,0,0,0,0
180,dgroup_docker-unittests,11,8,143,128,7,5,48,43,69,61,19,19,maven,False,open source,1004,907842baf08af85dc7f935a8fc8fe37215718108,improvement,8,0,0,0,0,0
181,zapodot_embedded-ldap-junit,3,2,15,9,2,0,11,9,2,0,0,0,maven,False,open source,149,42c6c8386795418f644a4324e71db456cbe7fbca,improvement,8,0,0,0,0,0
177,copoile_blog-api,22,20,606,498,35,35,191,169,295,234,85,60,maven,False,open source,2604,4554dae27f3194f0a8ed53aef380179256d3c193,improvement,8,0,0,0,0,0
182,s3curitybug_similarity-uniform-fuzzy-hash,2,0,3,0,0,0,2,0,1,0,0,0,maven,False,open source,147,2d36fa0b81ef429ef5dad9831e2e91b1b867a71c,improvement,8,0,0,0,0,0
183,TurpIF_lambda-string,1,0,1,0,0,0,0,0,1,0,0,0,maven,False,open source,244,06546c8b6488d0dbc71a625bf97f03fd037a94ff,improvement,8,0,0,0,0,0
184,albfernandez_itext2,2,0,2,0,0,0,2,0,0,0,0,0,maven,False,open source,228,cc7dc8b6a18090bd0087eec92bf19a5fe2bdd0a4,improvement,8,0,0,0,0,0
185,hongbeomi_Programmers,0,0,0,0,0,0,0,0,0,0,0,0,maven,False,open source,72,79f681a74e5e453c16d3a403c01d692459e6fdb4,no improvement,8,0,0,0,0,0
187,john182_CalculoTributario,0,0,0,0,0,0,0,0,0,0,0,0,maven,False,open source,67,3380fe7d56d7373cf1c2e798f1b727d869796af3,no improvement,8,0,0,0,0,0
188,pack200_pack200,0,0,0,0,0,0,0,0,0,0,0,0,maven,False,open source,102,e34152f54fdb4d4f639ae05697641bfaec16ccf6,no improvement,8,0,0,0,0,0
189,dmlloyd_jdk-classfile-backport,0,0,0,0,0,0,0,0,0,0,0,0,maven,False,open source,72,65ed778c04b1db2e95fbd674bd3fc2cfe83fcea3,no improvement,17,0,0,0,0,0
186,icgw_FCA-Map,2,1,63,15,1,0,7,3,45,12,10,0,maven,False,open source,536,38accf9c97f7098ed2288958f03300a19e40af0a,improvement,8,0,0,0,0,0
191,coralblocks_CoralQueue,0,0,0,0,0,0,0,0,0,0,0,0,maven,False,open source,123,457c72a5990936e0524cb4d4d1bc85766a48da38,no improvement,17,0,0,0,0,0
190,krpors_gimlet,3,0,9,0,3,0,3,0,2,0,1,0,maven,False,open source,454,5f95db18d46a4d9324178108ac64f284d455a36a,improvement,17,0,0,0,0,0
192,junichi11_netbeans-color-codes-preview,0,0,0,0,0,0,0,0,0,0,0,0,maven,False,open source,514,97a0262a3c15ab5842c43b68019e1e355ad7d3a8,no improvement,8,0,0,0,0,0
195,gflewis_sndml3,7,1,12,1,1,0,6,0,3,1,2,0,maven,False,open source,180,fde636075268cfeb2482ff4dcd33379a6612f4d6,improvement,11,0,0,0,0,0
196,oktadev_auth0-spring-boot-angular-crud-example,5,4,92,56,20,13,30,18,40,24,2,1,maven,False,open source,408,5eae66095b0d0b16ed7042321e2cb23f29f4a456,improvement,17,0,0,0,0,0
197,bearhsu2_ithelp2021,3,2,103,9,10,4,43,2,43,3,7,0,maven,False,open source,189,8983c45114d818e75641f129c5ce4ac1a349070b,improvement,8,0,0,0,0,0
198,krisjin_banyan,5,4,27,20,3,3,13,11,9,6,2,0,maven,False,open source,231,1762f3b26ce8ff0e451d9bc3b30958226f0679cb,improvement,8,0,0,0,0,0
199,extrawest_Charge-Point-Simulator-via-OCPP-2.0.1,6,1,67,19,9,3,32,9,26,7,0,0,maven,False,open source,161,c6e40128a53da3035fe31d3f4fe8113f82c7c7ab,improvement,17,0,0,0,0,0
200,jingpeicomp_id-generator,0,0,0,0,0,0,0,0,0,0,0,0,maven,False,open source,78,453d4aa66eb18ed581b17ca11791310c61a68ec0,no improvement,8,0,0,0,0,0
201,makbn_java_leaflet,3,2,9,2,1,1,2,1,6,0,0,0,maven,False,open source,2118,5026f523a1ceb4e34d46e4ba9efbe40f90780aa6,improvement,17,0,0,0,0,0
202,graphaware_neo4j-expire,6,4,339,258,13,12,124,101,146,113,56,32,maven,False,open source,213,0547af60ffc8af51f3c69985e0df17568f912981,improvement,8,0,0,0,0,0
203,ferstl_parallel-stream-support,0,0,0,0,0,0,0,0,0,0,0,0,maven,False,open source,84,84aee8a3ff15bf1b5aad1fbb7cdd47070e9799a3,no improvement,17,0,0,0,0,0
204,flipkart-incubator_ranger,8,3,194,15,4,0,33,12,96,3,61,0,maven,False,open source,252,91d3068eef7984c8101727e41e8f5fe756319d48,improvement,8,0,0,0,0,0
205,maihaoche_rocketmq-spring-boot-starter,6,6,63,61,4,4,29,29,24,24,6,4,maven,False,open source,894,3992d46bd24c859cd1bd903689f9f1e5cb73f1f4,improvement,8,0,0,0,0,0
206,edmunds_databricks-rest-client,5,0,16,0,1,0,9,0,6,0,0,0,maven,False,open source,191,36b9a0eb8accbf66358c1078d898d1874916cf10,improvement,8,0,0,0,0,0
209,ghwswywps_robot,15,15,315,315,11,11,96,96,135,135,73,73,maven,False,open source,1706,8611428a7443c28d325295c5759b6ca5e19fdb82,no improvement,8,0,0,0,0,0
210,dhatim_business-hours-java,0,0,0,0,0,0,0,0,0,0,0,0,maven,False,open source,109,96a8f07e1fe3b815f2d073953d03b3af88ff09e9,no improvement,8,0,0,0,0,0
211,apache_pdfbox-jbig2,0,0,0,0,0,0,0,0,0,0,0,0,maven,False,open source,111,d906c1d3e771880adbed29843c78b4bf5a728807,no improvement,8,0,0,0,0,0
212,tminglei_form-binder-java,1,0,3,0,1,0,2,0,0,0,0,0,maven,False,open source,206,d637c86fee38227f9e7f1334e0bbcd2414a6c60a,improvement,8,0,0,0,0,0
214,tarantool_cartridge-java,9,4,28,8,3,0,19,7,6,1,0,0,maven,False,open source,494,0ad43fc87e0f80814a06d4dfffdb458f889b3c75,improvement,8,0,0,0,0,0
213,HowieYuan_easyexcel-encapsulation,4,3,171,170,7,7,57,56,74,74,33,33,maven,False,open source,837,7641cae9b40aab36c669549dc3cfd278afd7fb0d,improvement,8,0,0,0,0,0
215,ory_hydra-client-java,5,1,8,2,0,0,5,0,3,2,0,0,maven,False,open source,203,26b02da1ce321d0e7cae5fe950c7d269df5ec0bc,improvement,8,0,0,0,0,0
216,geographiclib_geographiclib-java,1,0,1,0,0,0,1,0,0,0,0,0,maven,False,open source,59,c69cc6b3771bb460fc429a3c4302641df37d32d7,improvement,8,0,0,0,0,0
217,trung_InMemoryJavaCompiler,1,0,1,0,0,0,1,0,0,0,0,0,maven,False,open source,95,d84c404975dc308ee5a418c5af8a6629c5e6c995,improvement,8,0,0,0,0,0
218,intelie_introspective,1,0,1,0,0,0,0,0,1,0,0,0,maven,False,open source,72,df924f40f2b043d5ef6a65453345e5fe3d3565a6,improvement,8,0,0,0,0,0
219,wechatpay-apiv3_CertificateDownloader,1,1,6,1,0,0,1,0,5,1,0,0,maven,False,open source,98,4cae9c9f472cf3200f7b9af99c8be532621a9d22,improvement,8,0,0,0,0,0
225,medblocks_openFHIR,19,18,133,70,24,9,46,22,61,39,2,0,maven,False,open source,961,adec0dff5d8c42863fa353f13f14a42da6db9b19,improvement,17,0,0,0,0,0
227,Coreoz_Windmill,4,0,13,0,2,0,6,0,5,0,0,0,maven,False,open source,120,dff3bc5f4b194c263f99eb9c8e8e45de7c94239f,improvement,11,0,0,0,0,0
229,dvare_dynamic-loader,0,0,0,0,0,0,0,0,0,0,0,0,maven,False,open source,76,ed9a454ef82040c8d17f10079cfa5cdaac7648e7,no improvement,8,0,0,0,0,0
230,tamtam-chat_tamtam-bot-api,6,1,78,7,5,2,17,4,49,1,7,0,maven,False,open source,150,2691fb0120a4c15cf5577d10bfa48dd023eb1282,improvement,8,0,0,0,0,0
231,ngageoint_simple-features-wkb-java,0,0,0,0,0,0,0,0,0,0,0,0,maven,False,open source,140,48cb9746c757e8df9de62303dc7b4818254eb8a9,no improvement,11,0,0,0,0,0
232,jzheng2017_resultset-mapper,0,0,0,0,0,0,0,0,0,0,0,0,maven,False,open source,135,f8a701f8f030c283551a0c0c2b4ec181739ac281,no improvement,11,0,0,0,0,0
233,spring-cloud-services-samples_cook,7,6,35,29,7,6,13,11,15,12,0,0,maven,False,open source,192,c289f46b728144aab11ce733345cc06f0c0144f8,improvement,17,0,0,0,0,0
234,j-easy_easy-states,1,0,1,0,0,0,0,0,1,0,0,0,maven,False,open source,99,8229c22a1c41fec429f4e9c6915bf3e32a9a3793,improvement,8,0,0,0,0,0
235,joaopsilva_binance-java-api,4,0,66,0,0,0,7,0,34,0,25,0,maven,False,open source,85,f51ee15f0f0a99e4c5ebe2198ff7014473b558f1,improvement,8,0,0,0,0,0
237,brenoepics_at4j,0,0,0,0,0,0,0,0,0,0,0,0,maven,False,open source,115,a85ecb251cfc2e5236bb147bb214ba0facd033d6,no improvement,11,0,0,0,0,0
241,sttp-book_code-examples,2,0,2,0,0,0,1,0,1,0,0,0,maven,False,open source,101,f31fb6331ae730ff762116023cd70a6acdce7274,improvement,11,0,0,0,0,0
242,anlingyi_xechat,6,4,195,189,12,12,63,61,98,96,22,20,maven,False,open source,972,fcd2846694b16e5c1011a4f396c97e053643e5b3,improvement,8,0,0,0,0,0
243,juzi214032_OERP,16,11,386,149,28,12,146,42,177,77,35,18,maven,False,open source,592,c1df7c1dab5de02d6e107e80fca6c2cec013aa03,improvement,8,0,0,0,0,0
244,vangj_jbayes,2,0,8,0,0,0,2,0,6,0,0,0,maven,False,open source,121,4f3a542a4cab356b2b4a3d5d735ae0346429ef2d,improvement,8,0,0,0,0,0
245,Smith-Cruise_Spring-Boot-Security-JWT-SPA,6,6,293,134,16,10,82,36,154,70,41,18,maven,False,open source,1123,8b6ae833b6df446277ac4ba53b223c9295b448b6,improvement,8,0,0,0,0,0
246,lz1998_Spring-CQ,3,2,185,76,12,5,62,31,92,35,19,5,maven,False,open source,130,05df3e0c7560f28aab75256b4177645e92d66edf,improvement,8,0,0,0,0,0
247,medallia_Word2VecJava,6,2,19,12,1,0,9,4,6,5,3,3,maven,False,open source,92,eb31fbb99ac6bbab82d7f807b3e2240edca50eb7,improvement,8,0,0,0,0,0
248,javagl_Obj,0,0,0,0,0,0,0,0,0,0,0,0,maven,False,open source,75,da3e9878c6677f32daa2281c6656817411b12a01,no improvement,8,0,0,0,0,0
249,jonatan-kazmierczak_class-visualizer,0,0,0,0,0,0,0,0,0,0,0,0,maven,False,open source,68,ebdc3dba90a0cc0bc82515a83e8fff401e2d5fb8,no improvement,8,0,0,0,0,0
236,jhipster_jhipster-sample-app-token,34,33,1293,1284,41,39,335,332,592,590,325,323,maven,False,open source,4557,a13248b0ce65ac8f85ad00ba4b5a1f6e9a6fdd87,improvement,8,0,0,0,0,0
250,ForgeRock_OpenBanking-UK-Datamodel-Java-SDK,7,6,169,116,5,5,31,31,92,51,41,29,maven,False,open source,971,94196c5fb8f95d0812c8a31a8246be0c5a81fe16,improvement,8,0,0,0,0,0
251,liaochong_spring-boot-starter-converter,3,1,21,5,1,1,11,2,8,2,1,0,maven,False,open source,497,a36bea44bd23330a6f43b0372906a804a09285c5,improvement,8,0,0,0,0,0
252,ScaleSec_vulnado,6,5,257,190,13,12,64,60,140,98,40,20,maven,False,open source,1249,53336e14a40a0b25acdb8edd8b65a813e5f61bda,improvement,8,0,0,0,0,0
253,PEC-CSS_acm-website-backend,11,10,220,200,25,24,54,48,116,104,25,24,maven,False,open source,1153,db5280ce91b415acfbdd4019ef0f586cd88a3b26,improvement,17,0,0,0,0,0
255,subshell_o-neko,17,15,241,226,39,39,90,83,107,99,5,5,maven,False,open source,1161,60266b969fac371591177161dfb824a7198d1965,improvement,17,0,0,0,0,0
256,GoogleCloudPlatform_healthcare-api-dicom-fuse,6,0,16,0,2,0,7,0,7,0,0,0,maven,False,open source,191,5fc12312636b72dc1876613b14f182ff323d091f,improvement,8,0,0,0,0,0
275,Leibnizhu_spring-boot-starter-netty,4,4,80,66,12,11,34,25,32,29,2,1,maven,False,open source,602,6374ce012c4dfea83b2782fbda6228a6b20281d3,improvement,8,0,0,0,0,0
276,devslm_proguard-spring-boot-example,2,2,102,102,10,10,43,43,42,42,7,7,maven,False,open source,759,21bc711df095bcca61efae807149e499b0d1477f,no improvement,11,0,0,0,0,0
291,mstahv_spring-boot-spatial-example,10,9,86,79,19,19,39,34,27,25,1,1,maven,False,open source,742,38d7afaec0ca32ff2ba4ab3ff99bbe3dac40c704,improvement,17,0,0,0,0,0
292,streamx-co_ExTree,0,0,0,0,0,0,0,0,0,0,0,0,maven,False,open source,75,76ea6fc943c0ef0afb95b2661dcb4a7089ec41c0,no improvement,11,0,0,0,0,0
293,gushakov_trip-flow,10,10,265,114,29,17,117,49,103,40,16,8,maven,False,open source,984,3f9a4564ceac8fede8e06646624d4232c27fe0e0,improvement,17,0,0,0,0,0
294,ChinaYiqun_java-rag,20,5,100,18,1,0,63,11,34,7,2,0,maven,False,open source,395,8af5310db73c20c77bfb5f33f6bd83d6f44fcc26,improvement,8,0,0,0,0,0
296,vert-x3_vertx-maven-starter,2,1,43,12,2,1,28,8,11,3,2,0,maven,False,open source,196,fa8ec6506b881563aa2585c84d1fcec4b71c6348,improvement,8,0,0,0,0,0
297,anomaly2104_chess-low-level-system-design,0,0,0,0,0,0,0,0,0,0,0,0,maven,False,open source,78,e6914a661c8a5aff33bb81c5a422cd90255e625d,no improvement,8,0,0,0,0,0
298,leanstacks_spring-boot-fundamentals,8,7,381,378,18,17,129,127,159,159,75,75,maven,False,open source,1864,b98476c9ec9a10ac87757e0b76e1679a1f7f10bb,improvement,8,0,0,0,0,0
299,noorq_casser,7,5,128,93,8,6,65,47,41,32,14,8,maven,False,open source,1344,13a2f5bffa0357ca7837b1dcb18f4d277769e188,improvement,8,0,0,0,0,0
300,rweather_noise-java,0,0,0,0,0,0,0,0,0,0,0,0,maven,False,open source,69,49377b6dfc6a1e75740bce2318118291a57c0d6e,no improvement,8,0,0,0,0,0
301,wjdrbs96_Gyunny_Spring_Study,9,7,332,124,18,11,92,52,169,53,53,8,maven,False,open source,956,c6fa4cf0d5cea5f13323bd90fff014703062c3fe,improvement,8,0,0,0,0,0
302,xuminwlt_j360-tools,3,0,6,0,0,0,4,0,2,0,0,0,maven,False,open source,110,2e031c7f26fb0f2377d73b0caee08447e2a71499,improvement,8,0,0,0,0,0
303,javamultiplex_clean-code-java,2,0,2,0,0,0,2,0,0,0,0,0,maven,False,open source,80,9cc5cfcf262bbe866977da27b8e77eabc991bcfb,improvement,8,0,0,0,0,0
304,sonatype-nexus-community_nexus-repository-puppet,10,10,162,162,12,12,87,87,48,48,15,15,maven,False,open source,1720,a52f770c7ea8d23a024a81c88f3f268bc27e61e0,no improvement,8,0,0,0,0,0
305,MitchTalmadge_ASCII-Data,1,0,1,0,0,0,1,0,0,0,0,0,maven,False,open source,66,8d92bf165a1b833c5ebfa816f3d1fb05fc20f110,improvement,8,0,0,0,0,0
306,freva_ascii-table,0,0,0,0,0,0,0,0,0,0,0,0,maven,False,open source,59,aa82c99750ca0358fe261ffab6e14274f3b968e8,no improvement,8,0,0,0,0,0
307,miyakowork_NoteBlog,13,13,485,474,23,23,160,154,212,208,90,89,maven,False,open source,2906,c8558792d612c1864300cf7752fd9b3c0ce820a2,improvement,8,0,0,0,0,0
308,rsharifnasab_sbu_compiler,2,0,11,0,0,0,5,0,3,0,3,0,maven,False,open source,107,391323dd80119c82a5ee7fdb536d08cab726712f,improvement,17,0,0,0,0,0
309,hacker-and-painter_database-doc-generator,8,7,202,195,13,12,64,62,100,97,25,24,maven,False,open source,1044,40bd0a823abf932da48fe3bc8167d4f011bb1ed0,improvement,8,0,0,0,0,0
310,sysco-middleware_kafka-client-collector,3,2,125,4,0,0,15,0,86,4,24,0,maven,False,open source,89,75b7c471600fa6115cb55fc0a2bc6922a3160204,improvement,8,0,0,0,0,0
311,vzurauskas_nereides-jackson,1,0,1,0,0,0,0,0,1,0,0,0,maven,False,open source,73,d8f52e698daa7a1d7425b59ed98217cc333bd9c7,improvement,8,0,0,0,0,0
312,KuroChan1998_Student-Information-Administration-System,27,6,184,22,6,0,48,2,83,12,47,8,maven,False,open source,238,3092ed267f8e43a440d14876f852305bfe390826,improvement,8,0,0,0,0,0
314,SnuK87_keycloak-kafka,5,2,15,8,3,0,1,0,8,5,3,3,maven,False,open source,119,f20c64ac2ab7ac01cda0bf0b8eab0d5bb94967bd,improvement,17,0,0,0,0,0
315,OpenAPITools_jackson-databind-nullable,1,0,1,0,0,0,1,0,0,0,0,0,maven,False,open source,137,10d3f444e9d69655a5f5951f447d49c3183f0eb5,improvement,8,0,0,0,0,0
316,MUYU212_JNDI-Injection-Memshell,7,2,191,61,14,11,57,22,88,24,32,4,maven,False,open source,808,c06404f6e5515fbb29c4deb8d4c0cfedd2e7757e,improvement,8,0,0,0,0,0
317,oneteme_assertapi-core,6,3,19,6,0,0,5,2,12,3,2,1,maven,False,open source,543,40c9c90650ef6c26dc69abecc03431d5f558c7e1,improvement,11,0,0,0,0,0
318,yangyuscript_appapidemo,12,10,513,170,30,16,191,57,211,69,81,28,maven,False,open source,633,675764fc7289f69e587429ded57e6b95c4a72d44,improvement,8,0,0,0,0,0
319,daniel-frak_dummy4j,1,0,7,0,0,0,5,0,2,0,0,0,maven,False,open source,228,f72e2585cb89141433449fe5199ba678a798366f,improvement,8,0,0,0,0,0
320,origoni_spring-blog,13,12,209,141,28,19,73,49,100,67,8,6,maven,False,open source,1535,ad7748d4fa85b3cd30cea2abe2fbc82051829b36,improvement,17,0,0,0,0,0
321,ullenius_spctag,0,0,0,0,0,0,0,0,0,0,0,0,maven,False,open source,71,8780b84bc8ba6881b34e8186e660d944b20b4c64,no improvement,17,0,0,0,0,0
322,volodya-lombrozo_hg-revision-plugin,1,1,10,10,0,0,1,1,4,4,5,5,maven,False,open source,94,f95a5d46d7c73e27deebe3479ec2d41d5b5835cd,no improvement,8,0,0,0,0,0
324,CR553_Project01,12,11,325,153,20,13,115,63,144,59,46,18,maven,False,open source,1826,247798ee96d656b315622b7d33f80dbd3d1251d5,improvement,8,0,0,0,0,0
325,oscerd_finnhub-java-client,2,0,2,0,0,0,2,0,0,0,0,0,maven,False,open source,183,cdf8b6a535c8f709c48a503a1155e0ad35e2dad2,improvement,11,0,0,0,0,0
326,Nick-Triller_accounting,1,0,2,0,1,0,1,0,0,0,0,0,maven,False,open source,97,b23004988c00471ae4fcc4048542c0c3a4965f5f,improvement,11,0,0,0,0,0
327,djmeier-wisc_transit-delay-service,7,5,74,53,13,12,30,24,31,17,0,0,maven,False,open source,2627,38e55d374e49b311bfbfd97c7ac30d106aa073e9,improvement,17,0,0,0,0,0
328,alfasoftware_soapstone,4,0,17,0,0,0,10,0,7,0,0,0,maven,False,open source,222,9995c3446731ead50b5ddfb8a1809533ac8fc214,improvement,8,0,0,0,0,0
329,marschall_micrometer-jfr,3,1,3,1,0,0,2,0,1,1,0,0,maven,False,open source,124,9997eee01c00fa34e1e7268dc9d8e45ec2b83d96,improvement,17,0,0,0,0,0
330,Manevolent_ffmpeg4j,0,0,0,0,0,0,0,0,0,0,0,0,maven,False,open source,116,4f7db5710c8e0b762e23365fcf5705c26092b23b,no improvement,8,0,0,0,0,0
331,qrpcode_fuck-midjourney,10,8,175,150,17,16,73,60,73,65,12,9,maven,False,open source,886,bf7b7a163f4fe442a06cead8bd9f636d34d07805,improvement,8,0,0,0,0,0
332,momosecurity_rhizobia_J,2,1,7,6,0,0,1,0,3,3,3,3,maven,False,open source,70,969af8823c5d9b162ea674731f3f38d437e811f1,improvement,8,0,0,0,0,0
333,WeBankPartners_wecube-plugins-alicloud,15,13,146,138,11,11,60,58,67,61,8,8,maven,False,open source,2111,646708e0cfa9104a27cb23dda1035a574c7546ea,improvement,8,0,0,0,0,0
334,GuillaumeFalourd_java-training-api,7,7,209,209,20,20,95,95,81,81,13,13,maven,False,open source,1177,e26035fb70646a3ff5a6bf6496a3ccd7be3dd509,no improvement,11,0,0,0,0,0
335,HypothesisWorks_hypothesis-java,1,0,1,0,0,0,1,0,0,0,0,0,maven,False,open source,71,5d3eee08c9b7f3c81f9f76095900ce47a58b25c2,improvement,8,0,0,0,0,0
336,momosecurity_mosec-maven-plugin,7,1,34,1,3,0,17,1,7,0,7,0,maven,False,open source,151,8be2bc7765759b2bf13f6dec5de45cb21b2ed66a,improvement,8,0,0,0,0,0
337,l3r8yJ_oop-cop,0,0,0,0,0,0,0,0,0,0,0,0,maven,False,open source,171,90c9bb003cd9aee10e6597cf91bbbef7139ca5e4,no improvement,8,0,0,0,0,0
338,gurkanucar_spring-boot-webrtc-peer2peer,3,2,100,79,11,10,44,33,40,33,5,3,maven,False,open source,439,f04ff330b8e7bfdda5a285d139cefe95eaf2b849,improvement,11,0,0,0,0,0
339,Chang-LeHung_SPL,0,0,0,0,0,0,0,0,0,0,0,0,maven,False,open source,116,d11d39ab3132f3840009710befd7261b46896163,no improvement,17,0,0,0,0,0
340,EntrevistadorInteligente_si-orchestrator,7,5,76,54,16,12,30,21,30,21,0,0,maven,False,open source,594,c705ae44e171a76ee214ca72507ee6692760a38f,improvement,17,0,0,0,0,0
341,yetel_EasyChatServer,10,9,376,74,22,12,117,33,186,27,51,2,maven,False,open source,435,789ebf0b3d85aff8dcd3d975a978fc62e73d6a05,improvement,8,0,0,0,0,0
342,camunda-community-hub_zeebe-worker-java-testutils,2,1,15,14,2,2,7,7,6,5,0,0,maven,False,open source,389,8f2a1f8fdcda6f05af707dc4d7ec084c7084b61e,improvement,11,0,0,0,0,0
343,in28minutes_azure-devops-kubernetes-terraform-pipeline,8,8,373,373,22,22,119,119,182,182,50,50,maven,False,open source,1421,1264dfcd7f3eb44ce3c37bd99a49679331ce962b,no improvement,8,0,0,0,0,0
344,butter-fly_belling-admin,35,10,340,84,13,5,108,20,156,35,63,24,maven,False,open source,666,de7248cc75f07ab49cb38f6cd21e9b28837b40c3,improvement,8,0,0,0,0,0
345,gabrie-allaigre_sonar-auth-gitlab-plugin,7,3,84,79,1,1,24,21,39,37,20,20,maven,False,open source,296,d8430a78c5e2de4d18427b8ce5f7ec7e2223e9b4,improvement,8,0,0,0,0,0
346,multiversx_mx-sdk-java,8,5,38,29,1,1,31,25,6,3,0,0,maven,False,open source,208,a65ee4d66a6585c291e9a3fdc57250f8b77e1885,improvement,8,0,0,0,0,0
347,appnexus_ElasticNet4j,1,0,1,0,0,0,1,0,0,0,0,0,maven,False,open source,89,450efc85dbd6042d19d35a32931d3fd94441ff7d,improvement,8,0,0,0,0,0
348,SavioAndres_BrasilAPI-Java,0,0,0,0,0,0,0,0,0,0,0,0,maven,False,open source,78,22ecf091db04614cb00b681c841b1464552a2970,no improvement,8,0,0,0,0,0
349,tugcekonuklar_account-service,8,8,265,113,17,16,89,43,123,47,36,7,maven,False,open source,663,fd6e0f046aa34bd789c5958a171af9adc23229b1,improvement,11,0,0,0,0,0
350,jhipster_jhipster-sample-app-ng2,34,32,1355,1310,42,37,364,344,616,601,333,328,maven,False,open source,3818,e9d4b21c0ff27ab8ee92c4560f13b2a5eabf46fb,improvement,8,0,0,0,0,0
351,mateusf-prog_PROJECT-commerce-management-system,8,8,96,96,20,20,31,31,43,43,2,2,maven,False,open source,931,2ae4d843bbbe9b452d940c4f3719e6a0b55eb83f,no improvement,17,0,0,0,0,0
352,ath31st_s21_decimal_starter,2,0,2,0,0,0,2,0,0,0,0,0,maven,False,open source,88,6ff9a5f1a99e94f161f0828fb5640b6017354326,improvement,11,0,0,0,0,0
353,tahmid-saj_fin-predict,8,5,65,59,19,18,22,20,23,20,1,1,maven,False,open source,390,2c747498446ef6ae17026e628aea8e1ab9931141,improvement,17,0,0,0,0,0
354,GabrielPivoto_my-catalog,14,12,292,145,32,31,126,58,122,54,12,2,maven,False,open source,1075,827cfef8cd7a47f2c3fcba4ab81eec44d409f3a7,improvement,17,0,0,0,0,0
355,haohao1121_lli-drools,13,13,357,346,24,24,155,149,155,151,23,22,maven,False,open source,3640,699296d363ade5a17940cd277222bc5a8bda8e54,improvement,8,0,0,0,0,0
356,google_guava-beta-checker,1,0,2,0,1,0,1,0,0,0,0,0,maven,False,open source,94,f6b6862ab1ba24a5696e697b4b09ccb0a605bc44,improvement,17,0,0,0,0,0